public_transport_nearby,has_lifts,allows_pets,cctv,floor,antiquity_min_years,antiquity_max_years,rooms,bathrooms,garages,area,stratum,lat,lng,rent_price,admon_price,total_price
1,0,1,1,2,10,20,2,2,1,72,4,4.734657,-74.03892,650000,350000,1000000
1,1,0,1,7,20,,3,5,3,235,6,4.670697,-74.05299,11000000,0,11000000
1,0,0,0,4,0,5,3,2,1,110,4,6.277944,-75.58404,1350000,0,1350000
1,1,0,0,4,10,20,1,2,1,40,5,4.7045016,-74.030975,1170000,215000,1385000
1,1,0,1,13,20,,3,2,1,90,5,4.665561,-74.05754,1922000,348000,2270000
1,1,0,1,17,0,5,2,3,1,94,4,4.6154556,-74.07126,2401300,548700,2950000
0,1,0,0,,0,5,3,2,1,75,4,6.26963,-75.59175,1900000,0,1900000
0,1,0,0,,10,20,3,4,3,0,6,4.733723,-74.07354,3311000,689000,4000000
0,0,0,0,,10,20,3,2,2,109,6,6.19007,-75.57838,2600000,0,2600000
0,0,0,0,,20,,2,2,1,83,6,4.692846,-74.05586,1381000,419000,1800000
0,1,0,1,11,5,10,3,3,1,120,5,4.7140937,-74.03224,2396000,504000,2900000
1,1,0,1,0,20,,4,5,4,270,6,6.217005,-75.56297,4700000,0,4700000
1,0,1,0,1,10,20,2,1,0,52,4,4.6709123,-74.11102,1200000,0,1200000
1,0,1,0,1,10,20,1,1,0,28,2,6.2007937,-75.59012,500000,0,500000
1,0,0,1,7,20,,4,5,3,330,6,4.6725044,-74.051186,12700000,1300000,14000000
0,1,0,0,,0,5,2,3,2,95,6,6.21236,-75.56878,3800000,0,3800000
1,0,0,0,3,10,20,3,4,2,159,4,4.7340894,-74.033806,2850000,0,2850000
0,0,0,0,0,10,20,3,1,0,52,3,4.749387,-74.10151,700000,100000,800000
0,1,0,1,1,0,5,3,3,0,101,5,6.2400393,-75.59771,3000000,0,3000000
1,1,0,1,8,5,10,1,2,1,54,4,4.7263036,-74.04552,1000000,300000,1300000
1,1,0,1,2,10,20,3,2,1,100,4,4.643263,-74.08352,2500000,0,2500000
1,1,0,0,4,10,20,2,3,1,96,5,4.6667705,-74.05928,1060000,470000,1530000
0,1,0,0,,10,20,2,2,1,80,4,4.72431,-74.04329,1750000,0,1750000
1,0,0,0,4,10,20,3,2,1,66.8,3,4.748163,-74.08358,890000,230000,1120000
0,0,0,0,,10,20,3,3,2,160,5,4.6933455,-74.066284,2520000,140000,2660000
0,1,0,0,5,20,,1,1,1,57,6,4.6799803,-74.03922,2100000,300000,2400000
0,0,0,0,0,5,10,2,3,1,130,6,4.679122,-74.04089,2400000,0,2400000
0,1,0,0,4,5,10,1,1,1,33,5,4.694736,-74.06756,917000,183000,1100000
1,0,0,0,1,10,20,3,2,0,64,3,4.728555,-74.11579,1250000,0,1250000
0,1,0,1,1,0,5,1,0,0,28,5,6.2456813,-75.591354,100001,999999,1100000
0,1,0,1,8,10,20,2,2,2,110,5,4.6633506,-74.05257,5800000,700000,6500000
1,1,0,0,8,5,10,3,3,2,112,6,4.6823854,-74.05335,4500000,0,4500000
1,1,0,1,0,10,20,3,3,1,96,5,6.2400837,-75.58365,2900000,0,2900000
0,0,0,0,,5,10,3,2,0,68,4,6.22293,-75.60262,1400000,0,1400000
1,0,0,1,,10,20,4,4,2,0,4,4.6674848,-74.05176,11300000,0,11300000
1,1,0,0,8,0,5,1,1,0,35,4,6.2476377,-75.56582,1100000,0,1100000
0,0,0,0,22,10,20,3,3,1,98,4,4.618769,-74.06806,2050000,400000,2450000
0,1,0,1,1,0,5,3,2,1,80,4,6.249636,-75.60474,500001,999999,1500000
0,0,0,0,0,0,5,2,1,0,40,3,4.578444,-74.10735,650000,0,650000
0,1,0,0,,0,5,2,3,2,109,6,6.21236,-75.56878,4000000,0,4000000
1,1,1,1,4,0,5,1,1,1,40,4,4.725507,-74.03875,1400000,0,1400000
0,0,0,0,2,,,3,2,1,75,5,4.7249207,-74.067795,1057000,243000,1300000
0,0,0,1,1,0,5,2,1,0,110,4,6.256894,-75.603096,700001,999999,1700000
1,1,0,1,,10,20,2,2,2,0,6,4.703923,-74.04574,1800000,650000,2450000
1,0,0,0,2,20,,5,3,3,207,4,4.643154,-74.07106,2600000,0,2600000
0,0,0,0,0,10,20,2,2,0,70,3,4.743296,-74.02972,1100000,0,1100000
0,0,0,0,,10,20,3,1,0,55,3,4.6778083,-74.09003,860000,0,860000
0,0,0,0,1,20,,1,1,0,40,5,6.2481933,-75.59768,850000,0,850000
0,1,0,0,5,0,5,3,2,1,98,5,6.2484446,-75.59918,2300000,0,2300000
1,1,0,0,7,0,5,1,2,1,40,3,4.646633,-74.06181,1430000,0,1430000
1,0,0,0,2,20,,3,2,1,51,4,4.7271543,-74.04455,793000,257000,1050000
1,1,0,1,,5,10,1,2,1,0,6,4.6802425,-74.05564,2385000,615000,3000000
0,1,0,0,,10,20,1,2,1,44,5,4.6956887,-74.05962,880000,225000,1105000
0,0,0,0,5,5,10,3,3,2,176.76,6,,,4700000,1200000,5900000
1,0,0,0,5,10,20,3,2,1,53,3,4.5922036,-74.10375,1050000,0,1050000
1,0,0,0,,10,20,3,2,1,0,4,4.6749473,-74.10542,1900000,0,1900000
0,1,0,0,,0,5,3,2,1,78,5,6.22428,-75.56213,2600000,0,2600000
0,0,0,0,,5,10,3,2,2,93,4,4.64676,-74.08109,1840000,580000,2420000
1,0,0,0,6,10,20,1,1,1,32,3,4.635646,-74.0761,648000,202000,850000
0,1,0,0,3,0,5,2,1,0,50,4,4.64088,-74.0787,1065000,185000,1250000
1,1,0,0,3,10,20,3,3,1,152,5,6.2425647,-75.59717,3200000,0,3200000
0,1,0,0,4,0,5,2,3,2,105,5,4.6745696,-74.05752,2602400,848800,3451200
1,1,0,0,2,0,5,1,2,1,0,4,4.6277733,-74.06805,1140000,210000,1350000
0,0,0,0,4,20,,1,1,2,60,4,4.638866,-74.06076,1750000,0,1750000
0,1,0,0,,10,20,3,2,1,80,4,6.25648,-75.57954,1800000,0,1800000
1,0,0,0,1,10,20,3,2,1,68.84,4,4.759166,-74.04743,965800,234200,1200000
0,0,0,0,,0,5,5,5,0,432,3,4.61533,-74.08067,8000000,0,8000000
0,1,0,0,,0,5,2,3,1,92,6,6.21159,-75.5709,2700000,0,2700000
1,0,0,1,3,20,,3,2,1,225,4,4.6248665,-74.07117,2880000,620000,3500000
0,0,0,0,,10,20,1,1,1,40,4,4.72271,-74.02618,1200000,0,1200000
1,0,0,0,,10,20,3,2,1,200,4,4.645191,-74.076904,2700000,0,2700000
1,0,0,0,5,10,20,3,2,1,0,3,4.755331,-74.0431,926000,187000,1113000
1,1,1,1,1,10,20,2,2,1,74,6,4.6529565,-74.05533,1932000,534000,2466000
0,0,0,0,,0,5,3,2,1,73,6,6.241306,-75.56739,2200000,0,2200000
1,0,0,1,,10,20,1,2,0,0,6,4.700245,-74.05336,2300000,0,2300000
1,1,0,1,4,10,20,1,2,2,71,6,4.679243,-74.04138,2757000,543000,3300000
0,1,0,0,,20,,3,4,2,184,6,4.65763,-74.05191,4400000,0,4400000
1,0,1,0,,0,5,3,3,1,114,3,4.663084,-74.0477,2778000,522000,3300000
1,0,0,1,,10,20,2,1,1,80,4,4.6690807,-74.063156,1108000,296000,1404000
1,1,0,0,7,5,10,2,2,2,80,5,4.6711435,-74.05688,998000,852000,1850000
1,0,0,0,,0,5,1,1,0,42,2,4.666817,-74.062004,1100000,200000,1300000
1,1,1,1,6,10,20,1,1,1,45,6,4.655228,-74.05287,1600000,250000,1850000
1,0,0,0,3,10,20,1,1,0,30,3,6.245979,-75.56073,850000,0,850000
0,0,0,1,,10,20,3,4,3,0,6,4.675738,-74.04687,12920000,1080000,14000000
0,0,0,0,,20,,3,2,0,44,3,4.63275,-74.06984,650000,0,650000
0,0,0,0,,10,20,2,2,1,73,5,4.71429,-74.03419,700000,400000,1100000
0,0,0,0,4,5,10,1,2,1,49,0,4.7163963,-74.08947,1500000,0,1500000
0,1,0,0,,0,5,2,2,1,70,6,6.204128,-75.57544,1950000,0,1950000
0,0,0,0,,20,,1,1,1,33,4,4.64053,-74.06016,1000000,350000,1350000
1,1,0,0,2,0,5,2,2,1,70,4,4.651093,-74.080574,2400000,0,2400000
1,0,0,0,,10,20,1,1,1,0,4,4.727049,-74.03216,1011111,0,1011111
1,1,1,1,0,0,5,4,5,2,360,6,,,9000000,0,9000000
0,0,0,0,,0,5,2,2,0,57,2,4.68828,-74.07811,850000,0,850000
0,0,0,0,,,,3,3,1,117.59,5,6.23535,-75.60182,2200000,0,2200000
0,1,0,0,,10,20,3,4,4,0,6,4.673337,-74.045204,12280000,1860000,14140000
0,0,0,0,7,10,20,3,3,2,125,6,4.668048,-74.0455,4141000,819000,4960000
1,1,1,1,3,10,20,3,3,2,112,6,4.6906576,-74.05648,3900000,0,3900000
1,1,1,1,4,5,10,3,3,2,120,6,4.6930046,-74.05229,4700000,0,4700000
0,0,0,0,0,10,20,2,1,0,39,3,4.7531447,-74.09987,900000,0,900000
1,0,1,0,,0,5,3,2,1,63,3,4.5927587,-74.07615,1749700,250300,2000000
1,0,0,0,1,10,20,3,3,1,0,6,4.6882796,-74.055855,2600000,0,2600000
1,1,0,1,17,20,,3,2,0,67,5,6.2476377,-75.56582,1600000,0,1600000
1,1,0,0,1,10,20,1,2,1,62,5,4.6871104,-74.04606,2988889,11111,3000000
0,1,0,0,0,5,10,3,3,2,117,6,,,7990000,10000,8000000
0,0,0,0,,10,20,3,2,1,60,4,6.21934,-75.61175,1250000,0,1250000
0,0,0,0,,5,10,2,1,0,50,3,6.22598,-75.60529,1000000,0,1000000
1,0,0,1,10,5,10,1,2,1,53,4,4.6398826,-74.06118,1800000,300000,2100000
0,1,0,0,,5,10,1,2,2,71,6,4.67259,-74.05388,2348000,652000,3000000
1,1,0,0,3,0,5,3,2,0,57,4,6.271088,-75.60179,1200000,0,1200000
0,0,0,0,,0,5,2,1,0,40,3,6.27598,-75.59974,770000,0,770000
1,1,0,0,2,20,,3,3,2,160.41,5,4.6990056,-74.04874,1872000,1128000,3000000
1,1,0,0,3,10,20,3,2,2,0,5,4.664376,-74.05327,3000000,500000,3500000
0,0,0,0,,0,5,2,2,1,55,3,4.6259255,-74.12906,950000,0,950000
0,1,0,0,,10,20,2,2,1,65,5,6.20943,-75.57631,1900000,0,1900000
1,1,1,1,6,10,20,3,5,2,220,6,4.6998715,-74.02598,5200000,1300000,6500000
0,1,0,0,,5,10,3,2,1,86,5,4.7313,-74.03112,1650000,225000,1875000
1,0,0,1,,5,10,2,1,0,0,3,4.754114,-74.07637,1000000,0,1000000
0,0,0,0,1,10,20,3,2,1,63,4,6.2773304,-75.58022,1260000,190000,1450000
0,0,0,0,1,10,20,3,2,0,60,3,4.7220683,-74.13185,675800,162100,837900
0,0,0,0,,0,5,3,3,1,120,4,4.6491866,-74.056465,1086000,457000,1543000
0,0,0,0,,20,,5,5,0,450,4,4.68839,-74.04,12000000,0,12000000
0,1,0,1,1,10,20,3,2,0,110,0,6.239043,-75.61035,2500000,0,2500000
1,1,0,0,6,0,5,1,1,0,25,4,4.6453414,-74.068825,920000,180000,1100000
1,0,0,1,,10,20,2,2,0,0,5,4.6633973,-74.05229,5500000,0,5500000
1,1,0,0,,5,10,1,1,1,0,5,4.6953397,-74.064,969000,331000,1300000
1,1,1,1,6,0,5,2,3,3,134,6,4.6632833,-74.04819,6420000,1080000,7500000
1,1,1,0,2,0,5,3,2,1,90,5,6.2389183,-75.59249,2600000,0,2600000
0,1,0,0,6,20,,1,2,0,50,5,,,2600000,0,2600000
0,1,0,1,7,0,5,4,5,3,250,6,4.7068243,-74.04084,8700000,1300000,10000000
1,1,0,1,7,0,5,1,2,1,0,4,4.6658325,-74.13818,1144700,175300,1320000
0,0,0,0,,5,10,3,2,1,55,4,6.20347,-75.60537,1150000,0,1150000
1,1,0,0,6,0,5,1,1,0,33,4,4.644462,-74.060776,1350000,0,1350000
0,0,0,1,1,0,5,1,0,0,45,3,6.255846,-75.61003,-169999,999999,830000
1,0,0,0,,10,20,4,3,3,0,5,4.700911,-74.05687,5000000,0,5000000
0,0,0,0,1,10,20,3,3,0,150,6,6.186275,-75.56782,3200000,0,3200000
1,1,0,0,13,0,5,2,2,1,55,4,6.2011886,-75.6022,1200000,0,1200000
1,0,0,1,2,0,5,3,1,0,52,3,4.583227,-74.08876,950000,0,950000
1,1,0,0,4,20,,3,4,2,240,6,4.67075,-74.04824,11500000,1500000,13000000
0,0,0,0,1,20,,3,2,2,95,5,4.69923,-74.06439,1801000,499000,2300000
0,0,0,1,1,0,5,2,1,0,85,3,6.2268815,-75.59443,100001,999999,1100000
1,1,1,1,5,0,5,1,2,1,63,6,4.687075,-74.04988,1900000,300000,2200000
1,1,0,0,5,10,20,3,4,2,165,6,4.6996937,-74.0403,4500000,0,4500000
1,0,0,1,5,5,10,3,2,0,65,3,4.7435994,-74.03904,943849,267450,1211299
0,0,0,0,,5,10,3,2,1,80,4,6.21535,-75.59852,1500000,0,1500000
0,1,0,1,1,0,5,4,2,1,95,4,6.257086,-75.58056,1200001,999999,2200000
0,0,0,0,,0,5,3,3,1,96,4,4.738708,-74.06014,2300000,0,2300000
0,1,0,1,3,0,5,3,2,1,66,3,4.751565,-74.0955,1400000,0,1400000
0,0,0,0,,,,2,2,0,68,3,4.61295,-74.15907,900000,0,900000
1,1,0,1,3,0,5,2,3,2,126,6,4.704837,-74.04221,4700000,0,4700000
0,0,0,0,,20,,2,2,1,60,3,4.69025,-74.07475,620000,440000,1060000
0,1,0,0,,0,5,3,2,1,65,3,6.28451,-75.6092,1100000,0,1100000
1,1,0,0,24,5,10,3,4,2,175,6,6.188617,-75.56492,5100000,0,5100000
1,1,0,0,8,0,5,2,2,2,105,5,4.6930213,-74.05788,2500000,650000,3150000
0,1,0,0,,20,,2,2,1,52,4,6.26872,-75.60533,1250000,0,1250000
0,1,0,1,1,0,5,1,2,1,68,5,6.2271886,-75.56451,2520001,999999,3520000
1,1,0,0,,5,10,2,1,0,43,3,4.6789894,-74.09764,730800,134600,865400
0,0,0,0,,,,3,2,1,54,3,4.75295,-74.08206,1050000,0,1050000
0,0,0,0,,0,5,3,5,1,120,5,6.24889,-75.59279,2400000,0,2400000
1,1,0,0,5,20,,2,2,2,90,4,4.692756,-74.068184,2250000,0,2250000
0,1,0,0,4,0,5,3,4,2,155,5,4.7304544,-74.06541,3180000,560000,3740000
0,0,0,0,,20,,5,5,4,338,6,4.699522,-74.03929,7000000,250000,7250000
0,1,0,0,,0,5,4,3,1,100,5,6.242404,-75.598236,3200000,0,3200000
0,0,0,0,,,,1,1,1,31.7,3,4.61011,-74.10782,733000,82000,815000
1,0,0,0,,10,20,3,1,1,0,4,4.762579,-74.0468,1202000,278000,1480000
1,1,0,0,1,20,,3,2,2,130,5,4.6970167,-74.03625,1800000,1000000,2800000
0,1,0,1,1,0,5,2,2,1,81,6,6.195582,-75.575554,1200001,999999,2200000
0,1,0,0,5,20,,2,2,1,55,4,4.728204,-74.049164,1440000,10000,1450000
0,0,0,0,,10,20,2,2,2,0,5,4.687825,-74.04438,1153240,446760,1600000
1,0,0,0,2,20,,4,2,1,130,3,4.603519,-74.12158,1500000,0,1500000
0,1,0,0,,0,5,3,2,1,67,3,4.64097,-74.1455,1600000,0,1600000
0,0,0,0,,5,10,2,3,1,80,5,4.70072,-74.03107,2800000,0,2800000
1,1,0,0,10,5,10,2,2,1,73,4,4.745859,-74.03207,1638889,11111,1650000
1,1,0,0,6,0,5,2,4,3,173,6,4.669264,-74.04623,8900000,1100000,10000000
0,1,0,1,1,20,,1,1,0,35,4,4.630729,-74.06499,1060000,120000,1180000
0,1,1,1,4,0,5,1,1,1,50,5,4.7132535,-74.03361,1200000,300000,1500000
1,0,0,0,,10,20,3,2,1,0,3,4.759416,-74.026825,1436000,0,1436000
1,1,0,0,10,10,20,3,3,1,86,4,4.669118,-74.11661,2500000,0,2500000
1,0,1,0,,0,5,3,2,0,55,3,4.5852184,-74.15406,610000,100000,710000
0,1,0,0,,20,,3,2,2,100,4,4.73392,-74.04229,1100000,400000,1500000
0,0,0,0,,20,,3,4,1,205,4,4.6446695,-74.05722,7000000,0,7000000
0,0,0,0,0,10,20,3,2,0,64,3,4.7362394,-74.08639,1100000,0,1100000
1,0,0,0,2,5,10,2,2,0,80,3,4.696477,-74.02846,1950000,0,1950000
1,0,0,0,2,0,5,5,3,1,112,4,6.2509403,-75.560165,1500000,0,1500000
1,1,1,1,5,0,5,1,2,2,56,6,4.692899,-74.047325,1500000,500000,2000000
1,1,0,0,7,20,,3,3,2,150,5,4.673541,-74.04769,4300000,0,4300000
0,1,0,1,10,0,5,1,2,1,72,3,4.6182694,-74.065796,1800000,0,1800000
0,0,0,0,1,5,10,,,,27,,6.2642536,-75.56598,4695865,0,4695865
1,1,0,0,12,10,20,3,2,2,90,5,4.710627,-74.06098,2300000,0,2300000
1,0,0,0,,10,20,3,2,0,160,3,4.57618,-74.11597,1150000,0,1150000
0,1,1,1,5,0,5,2,3,2,78,6,4.6583815,-74.04915,4700000,0,4700000
0,0,0,0,,5,10,2,3,1,77.56,5,4.707465,-74.03084,1558000,342000,1900000
0,0,0,0,,5,10,2,2,0,60,3,6.22598,-75.60529,1250000,0,1250000
1,0,0,0,4,0,5,1,2,2,59,5,4.672065,-74.05996,1800000,600000,2400000
1,1,0,1,6,0,5,1,1,0,40,0,4.7111554,-74.07199,884000,158000,1042000
1,1,0,1,4,5,10,1,2,1,45,6,4.6787057,-74.05456,1581200,268800,1850000
1,1,0,1,,0,5,1,1,1,45,6,4.65381,-74.05093,1840732,359268,2200000
0,1,0,0,,0,5,1,2,1,55,5,4.7176,-74.04585,1046000,302000,1348000
0,0,0,0,,5,10,1,1,0,36,4,6.23203,-75.60631,1000000,0,1000000
1,0,1,1,3,5,10,2,2,1,80,5,4.687537,-74.03844,2100000,450000,2550000
0,0,0,0,1,5,10,1,1,0,43,3,6.2594047,-75.5597,700000,0,700000
0,1,0,1,4,0,5,3,5,4,255,6,4.6562552,-74.05165,14400000,100000,14500000
1,0,0,0,,20,,3,2,0,180,3,4.742893,-74.04418,4000000,0,4000000
1,1,0,0,4,20,,4,4,2,188,6,4.667841,-74.04673,3329000,1171000,4500000
0,1,0,1,4,5,10,4,5,4,229,0,4.7996435,-74.07216,4510000,990000,5500000
1,1,0,0,8,0,5,3,3,2,112,6,4.6830297,-74.054504,4500000,0,4500000
0,1,0,0,,10,20,3,3,1,54,4,4.66513,-74.1144,1350000,0,1350000
1,0,1,0,,0,5,1,1,0,35,4,4.711313,-74.07118,990000,155000,1145000
0,0,0,0,,0,5,2,1,0,50,2,6.2912,-75.5536,780000,0,780000
1,0,0,0,,10,20,4,4,2,137,4,4.67134,-74.10214,3200000,0,3200000
1,1,0,0,3,20,,3,2,1,70,4,4.705548,-74.02409,1650000,0,1650000
0,1,0,0,,5,10,3,3,1,0,4,4.696038,-74.08173,1722000,289000,2011000
1,0,1,0,2,10,20,3,1,0,63,4,4.633704,-74.06527,1150000,0,1150000
0,0,0,0,,10,20,1,0,4,600,0,4.6926637,-74.0412,12000000,0,12000000
1,1,0,0,9,0,5,3,2,0,50,4,4.658216,-74.11955,1300000,0,1300000
1,1,0,1,0,5,10,2,2,1,153,6,6.206023,-75.57219,4400000,0,4400000
0,0,0,0,,5,10,2,2,0,60,3,6.22598,-75.60529,1380000,0,1380000
1,0,1,1,2,5,10,3,2,1,55,3,,,805000,95000,900000
1,1,0,1,7,10,20,3,3,1,0,4,4.646173,-74.085884,1655000,265000,1920000
1,1,0,0,10,0,5,1,2,1,63,6,4.6907864,-74.04973,2940200,429900,3370100
0,0,0,0,,0,5,2,1,0,50,5,6.24764,-75.56582,950000,0,950000
1,1,0,0,4,10,20,2,3,0,120,4,4.6293144,-74.06934,1600000,200000,1800000
0,0,0,0,,10,20,3,1,0,80,3,6.23326,-75.55609,900000,0,900000
0,0,0,0,1,10,20,3,3,2,160,6,6.2162666,-75.56802,4100000,0,4100000
0,1,0,0,3,5,10,1,2,1,0,5,4.714979,-74.032486,990800,309200,1300000
0,1,0,0,,20,,3,3,2,115,4,4.66803,-74.06183,2600000,0,2600000
0,1,0,0,3,20,,3,4,2,225,6,4.670211,-74.04107,6500000,1500000,8000000
1,1,1,0,,0,5,4,4,2,145,5,6.240425,-75.59135,4500000,0,4500000
1,0,0,1,,10,20,2,3,1,0,6,4.7001877,-74.04267,2500000,0,2500000
1,0,0,0,2,20,,2,1,1,44,4,4.7205057,-74.027756,856000,247000,1103000
0,0,0,0,,10,20,3,1,0,80,3,6.26694,-75.55863,750000,0,750000
1,0,0,0,1,,,2,1,0,36,4,4.6311564,-74.06296,1300000,0,1300000
0,1,0,1,1,0,5,2,1,0,55,3,6.264421,-75.570595,-49999,999999,950000
0,0,0,0,1,10,20,3,2,0,73,0,6.221608,-75.57567,2200000,0,2200000
0,0,0,0,2,0,5,1,1,1,40.6,5,4.7030053,-74.02974,1385000,215000,1600000
1,1,0,0,4,20,,3,3,2,122,0,4.6831703,-74.04238,3800000,0,3800000
1,0,0,0,4,20,,3,2,1,91,4,4.633833,-74.08973,1800000,0,1800000
0,1,1,1,7,0,5,3,2,1,56,3,4.592232,-74.16108,1000000,0,1000000
0,1,0,0,4,10,20,3,3,2,129,5,4.7179546,-74.06522,2700000,0,2700000
0,0,0,0,1,10,20,4,2,2,200,6,4.6890984,-74.03893,8000000,0,8000000
1,1,1,1,2,5,10,2,2,2,90,6,4.6768293,-74.04172,3195000,805000,4000000
1,1,0,1,5,5,10,1,2,1,58,5,4.699138,-74.04534,1770000,330000,2100000
0,0,0,0,1,10,20,3,2,1,110,5,6.23781,-75.59999,2100000,50000,2150000
0,0,0,0,,5,10,2,2,1,86,5,4.69403,-74.05699,1430000,470000,1900000
1,1,0,0,2,0,5,1,2,0,40,5,4.7074866,-74.03138,925000,295000,1220000
0,0,0,0,,10,20,4,4,4,0,6,4.684711,-74.04364,9000000,0,9000000
1,1,0,1,,10,20,2,2,2,68,5,4.6955705,-74.0398,2200000,0,2200000
1,1,0,0,4,0,5,1,1,1,42,5,4.7165523,-74.03321,1300000,0,1300000
1,1,0,0,2,10,20,3,4,2,0,6,4.6848917,-74.05617,2900000,800000,3700000
1,1,0,0,5,0,5,2,2,2,80,5,4.664427,-74.11438,3350000,0,3350000
0,0,0,0,9,10,20,3,3,2,0,6,4.6675158,-74.048515,4500000,500000,5000000
0,0,0,0,5,10,20,1,1,1,44,4,4.728558,-74.04795,840000,208000,1048000
1,1,0,0,,10,20,4,5,3,138,6,4.6792436,-74.04806,5600000,700000,6300000
0,0,0,0,,20,,3,1,0,60,3,6.28307,-75.60685,900000,0,900000
1,1,0,0,2,20,,3,3,2,160.41,5,4.700274,-74.05001,1872000,1128000,3000000
1,1,0,0,9,10,20,2,3,2,0,5,4.665315,-74.05245,7730000,770000,8500000
1,1,0,1,2,20,,3,4,2,122,5,4.6512995,-74.05292,2990000,710000,3700000
1,0,0,1,,0,5,2,2,0,0,3,4.72215,-74.12518,1300000,0,1300000
1,1,0,1,,10,20,3,2,1,62,4,6.2081594,-75.58993,1600000,0,1600000
0,0,0,0,4,20,,3,1,1,58,3,4.7218313,-74.11917,936000,164000,1100000
1,0,0,1,,10,20,5,5,3,706,6,4.8132806,-74.03927,15000000,0,15000000
0,1,0,1,1,0,5,2,2,2,89,6,6.216697,-75.555534,2300001,999999,3300000
1,1,0,1,21,0,5,1,2,1,45,4,4.61535,-74.07075,1600000,300000,1900000
0,0,0,0,,0,5,2,1,0,50,2,6.2912,-75.5536,780000,0,780000
0,1,0,0,,0,5,2,2,1,80,6,6.2065244,-75.57463,2300000,0,2300000
0,0,0,0,0,0,5,3,2,0,50,2,4.570627,-74.078094,950000,0,950000
1,1,0,0,1,0,5,1,2,1,52,3,4.607102,-74.06972,1800000,0,1800000
0,0,0,0,1,0,5,5,3,1,200,5,6.2476377,-75.56582,5000000,0,5000000
1,0,0,1,4,0,5,2,2,0,49,3,4.616213,-74.118675,850000,0,850000
0,0,0,1,1,0,5,3,2,1,73,4,6.227372,-75.56368,600001,999999,1600000
0,0,0,1,1,0,5,3,2,0,67,3,6.243536,-75.55374,1,999999,1000000
0,0,0,0,,20,,1,1,1,46.5,4,4.6615453,-74.06027,400000,450000,850000
0,1,0,0,,20,,3,2,1,125,6,6.19341,-75.5669,2800000,0,2800000
0,0,0,0,,0,5,1,1,0,37,3,4.65303,-74.07707,750000,0,750000
0,1,0,0,3,5,10,1,2,1,60,4,4.613341,-74.064384,1180000,320000,1500000
1,0,0,0,,10,20,5,5,4,296,4,4.685662,-74.06154,11500000,0,11500000
1,0,0,1,4,5,10,1,2,1,69,5,4.71011,-74.049324,2600000,0,2600000
0,1,0,0,,0,5,3,2,2,96,6,6.2226915,-75.5666,2500000,0,2500000
0,0,0,0,,,,1,1,1,32.28,3,4.60965,-74.06651,854001,213000,1067001
0,0,0,0,3,10,20,3,3,3,0,5,4.7050037,-74.032295,3200000,0,3200000
0,0,0,0,2,20,,3,4,3,230,5,4.7624054,-74.068695,3720000,580000,4300000
0,1,0,1,6,0,5,2,2,2,80,6,,,3200000,0,3200000
0,1,0,1,2,10,20,1,2,1,0,6,4.6768684,-74.057915,3500000,0,3500000
0,0,0,0,,10,20,4,4,2,146,4,4.6750817,-74.04552,3228000,986000,4214000
1,1,0,0,7,0,5,1,2,1,47,5,4.7062035,-74.02899,1950000,0,1950000
0,0,0,0,8,20,,2,1,1,54,4,4.620427,-74.07069,1300000,250000,1550000
0,0,0,0,3,10,20,3,4,3,230,5,4.7082157,-74.04917,8000000,0,8000000
0,0,0,0,0,5,10,3,1,0,53,3,4.7549267,-74.10232,900000,0,900000
1,1,0,0,7,10,20,1,2,2,73,6,4.6796255,-74.05631,2800000,0,2800000
0,1,0,0,,5,10,3,2,1,61,4,4.75613,-74.03836,1020200,189900,1210100
0,1,0,0,,0,5,1,2,2,63,6,6.25045,-75.53604,2900000,0,2900000
1,1,0,0,5,10,20,3,3,1,80,5,4.7005606,-74.05841,2046000,0,2046000
1,0,0,0,,10,20,3,5,2,171,5,4.7260222,-74.06398,2880000,570000,3450000
1,0,0,0,3,0,5,1,1,1,44,5,,,1800000,0,1800000
1,0,0,0,,10,20,2,2,1,0,6,4.6752105,-74.04767,2500000,0,2500000
1,1,0,0,6,5,10,1,1,1,36,4,4.6402593,-74.06281,1250000,0,1250000
0,0,0,0,2,5,10,1,1,1,32,3,4.6407356,-74.06512,1300000,0,1300000
1,1,0,1,6,10,20,1,2,2,62,5,4.7056465,-74.04793,2300000,0,2300000
1,0,0,1,,10,20,4,5,0,209,5,4.763658,-74.07055,14200000,800000,15000000
0,0,0,0,,10,20,2,4,0,260,3,4.66044,-74.04957,7500000,0,7500000
1,0,0,0,5,0,5,1,1,1,0,3,4.63976,-74.06824,1130000,170000,1300000
0,0,0,0,,20,,1,1,0,27,4,4.69271,-74.06986,1100000,0,1100000
0,0,0,0,1,0,5,2,2,1,72,6,6.188475,-75.57553,3100000,0,3100000
0,0,0,0,,20,,3,2,2,60,2,4.75116,-74.04978,1200000,0,1200000
1,1,1,1,2,20,,3,3,2,120,5,4.691152,-74.06205,1300000,500000,1800000
0,0,0,0,,0,5,3,2,1,100,5,6.25294,-75.59515,2600000,0,2600000
1,0,0,0,1,20,,3,2,0,70,3,4.6745577,-74.09771,980000,0,980000
1,0,0,1,2,20,,2,1,1,43,3,4.724317,-74.057014,893000,207000,1100000
0,1,0,1,4,20,,1,1,1,51,6,4.6516786,-74.05454,1208000,346000,1554000
0,1,0,0,,0,5,3,2,1,115,5,6.23917,-75.60243,2900000,0,2900000
1,0,0,0,,10,20,1,1,1,30,4,4.6158195,-74.07174,1031000,319000,1350000
1,1,1,1,3,0,5,1,2,1,62,6,4.6919036,-74.04511,2495000,305000,2800000
0,0,0,0,,10,20,2,1,0,60,3,4.67689,-74.093666,900000,0,900000
1,0,1,1,2,10,20,2,1,0,60,3,4.5826454,-74.12459,700000,0,700000
1,0,1,0,,0,5,2,2,0,190,3,4.6763906,-74.10846,1700000,100000,1800000
1,1,0,1,5,0,5,2,3,2,0,5,4.7192044,-74.04703,1340000,305000,1645000
0,0,0,0,,10,20,3,2,0,250,4,4.675912,-74.06294,5000000,0,5000000
1,1,0,1,1,20,,2,2,1,71,5,4.7006645,-74.07923,956000,397000,1353000
0,0,0,0,,20,,3,2,1,60,4,4.65305,-74.10131,1600000,0,1600000
1,1,0,0,9,0,5,2,2,2,78,6,6.214631,-75.55633,3000000,0,3000000
0,0,0,0,0,5,10,3,2,1,61,2,4.7180634,-74.12846,1300000,0,1300000
0,0,0,0,,10,20,2,2,2,0,4,4.700525,-74.03812,2700000,0,2700000
1,1,0,0,4,10,20,3,4,2,0,6,4.6731186,-74.04867,2220000,590000,2810000
0,1,0,0,3,0,5,2,2,1,80,4,4.6455193,-74.057884,1741000,359000,2100000
1,1,0,1,3,5,10,1,1,1,46,4,4.618283,-74.070435,1139800,160200,1300000
1,0,0,0,1,20,,2,1,1,63,5,4.7003584,-74.06006,1400000,0,1400000
1,1,0,1,15,0,5,1,2,1,54,4,4.645435,-74.053894,1300000,250000,1550000
1,1,0,1,3,20,,3,3,2,120,6,4.674449,-74.045525,2354000,923000,3277000
0,0,0,0,,5,10,4,2,1,57.51,3,4.769634,-74.0505,760000,220000,980000
0,1,0,1,1,0,5,1,1,0,42,6,6.2037797,-75.57227,650001,999999,1650000
1,0,1,0,,20,,3,1,0,54,3,4.6359963,-74.14939,720000,100000,820000
0,0,0,0,,10,20,4,4,2,150,4,4.6699,-74.13043,1750000,425000,2175000
0,1,0,0,13,5,10,3,2,1,126,5,6.2497764,-75.563576,2800000,0,2800000
1,1,0,0,2,5,10,1,2,1,40,6,4.6971946,-74.041145,1738889,11111,1750000
0,1,0,0,4,10,20,1,2,1,71,4,4.6455393,-74.05861,1614000,343000,1957000
0,0,0,0,,20,,3,2,1,96,4,6.2001,-75.5646,1700000,0,1700000
1,0,0,1,4,0,5,1,2,1,45,4,4.612083,-74.06606,1400000,200000,1600000
0,0,0,0,,10,20,3,2,1,130,5,6.25723,-75.59708,1900000,0,1900000
0,1,0,0,,0,5,3,2,1,107,6,6.1955757,-75.57873,2200000,0,2200000
0,0,0,0,4,10,20,2,2,2,104,6,4.67938,-74.04233,4200000,0,4200000
1,0,0,0,2,10,20,3,1,1,0,4,4.73354,-74.05991,2000000,0,2000000
1,1,0,1,7,10,20,3,3,2,159,6,4.662797,-74.05691,2860000,540000,3400000
0,0,0,0,1,0,5,2,1,0,47,3,4.6004615,-74.158356,893000,57000,950000
1,1,0,1,7,5,10,3,2,0,54,4,4.658816,-74.12784,822600,213700,1036300
0,1,0,0,,10,20,3,2,1,70,4,6.20836,-75.59981,1750000,0,1750000
1,0,0,0,,0,5,3,2,2,66,4,4.640695,-74.127,2307000,193000,2500000
0,0,0,0,,20,,2,1,1,45,3,6.29895,-75.57762,650000,0,650000
1,1,0,0,4,10,20,3,2,2,90,4,4.726619,-74.04751,1758000,271000,2029000
1,1,0,1,6,0,5,1,2,1,56.64,3,4.609165,-74.065834,1019800,340200,1360000
1,0,0,0,,10,20,2,2,0,0,4,4.6667786,-74.138214,1250000,0,1250000
1,1,1,0,,5,10,3,4,1,213,5,6.238285,-75.60269,3588000,912000,4500000
0,0,0,0,,0,5,2,2,0,43,3,6.24764,-75.56582,730000,0,730000
0,1,0,0,,0,5,3,2,1,115,5,6.23917,-75.60243,2900000,0,2900000
1,0,0,1,,10,20,3,3,2,113,4,4.737868,-74.061066,2500000,0,2500000
1,0,0,0,2,5,10,1,1,0,55,5,6.246808,-75.60522,1400000,0,1400000
1,1,0,1,8,0,5,1,2,2,0,6,4.677689,-74.05441,2294441,205559,2500000
0,0,0,1,1,20,,1,1,0,29,4,4.7337127,-74.0543,996000,127000,1123000
1,0,0,0,1,20,,2,2,0,75,3,4.701147,-74.095924,1300000,0,1300000
1,0,1,1,5,20,,3,3,1,60,3,4.752246,-74.04936,1027000,173000,1200000
0,0,0,0,,,,2,2,0,80,4,4.642337,-74.07873,1500000,0,1500000
0,0,0,0,,10,20,1,1,1,48,5,4.70421,-74.05384,1500000,0,1500000
1,0,0,0,3,20,,3,3,2,88,4,4.7635098,-74.045845,2400000,0,2400000
1,1,0,0,1,5,10,1,1,1,52,6,4.6791997,-74.05193,1952000,348000,2300000
0,0,0,1,1,0,5,2,1,1,38,3,6.272534,-75.602325,-99999,999999,900000
1,1,0,0,3,10,20,3,2,1,0,5,4.709223,-74.05801,1240000,260000,1500000
0,1,0,0,,5,10,1,1,1,52,6,4.68735,-74.05257,1540000,560000,2100000
0,0,0,0,2,10,20,3,1,0,70,3,4.711363,-74.123024,750000,0,750000
1,1,1,1,2,10,20,1,1,1,35,6,4.696209,-74.052414,700000,300000,1000000
1,1,0,0,4,10,20,2,2,2,136,6,6.1816044,-75.57333,2700000,0,2700000
1,0,0,0,1,10,20,1,1,0,58,4,4.639541,-74.05981,990000,30000,1020000
1,0,0,0,,10,20,1,0,1,0,3,4.751358,-74.06639,1400000,0,1400000
0,0,0,0,2,,,3,3,2,106,6,4.695888,-74.03443,2500000,0,2500000
1,0,0,0,4,10,20,2,2,1,0,4,4.617843,-74.071594,1640000,60000,1700000
0,0,0,0,,5,10,1,1,0,30,3,4.68622,-74.06498,800000,0,800000
0,0,0,0,,10,20,2,2,0,0,6,4.683452,-74.05458,0,3000000,3000000
1,1,0,0,7,10,20,2,3,2,0,6,4.6574974,-74.054,4143000,757000,4900000
0,1,0,1,1,0,5,3,2,2,150,5,6.2425365,-75.577965,1320001,999999,2320000
0,1,0,0,,10,20,3,4,2,217,6,6.18346,-75.56086,6000000,0,6000000
0,0,0,0,1,10,20,3,2,1,72,5,6.2232704,-75.56604,1900000,0,1900000
0,0,0,0,0,5,10,1,1,0,30,3,4.577999,-74.116234,450000,0,450000
0,0,0,1,1,0,5,2,1,1,120,4,6.240093,-75.58472,900001,999999,1900000
1,1,0,0,1,,,3,2,1,20,4,4.66514,-74.13632,1500000,0,1500000
0,0,0,0,2,10,20,3,2,1,105,6,6.2161403,-75.56697,2100000,0,2100000
0,0,0,0,,10,20,4,4,3,297,5,4.652735,-74.05412,5556000,1972000,7528000
0,1,0,1,3,10,20,2,2,1,0,6,4.704982,-74.04246,3900000,0,3900000
0,0,0,0,,10,20,1,2,1,119,6,4.704241,-74.044846,2156800,421600,2578400
0,0,0,0,,0,5,3,2,1,63,3,6.26065,-75.60504,1350000,0,1350000
0,0,0,0,0,10,20,3,3,1,87,4,4.7265162,-74.04725,2000000,0,2000000
0,0,0,0,2,20,,3,2,0,135,5,6.249551,-75.60924,2700000,0,2700000
1,0,1,0,,0,5,2,1,0,50,2,4.6169863,-74.14944,700000,100000,800000
0,1,0,0,5,10,20,2,3,2,96,6,4.6876144,-74.04959,4500000,0,4500000
1,1,0,0,6,5,10,1,2,1,50,4,4.72095,-74.03854,1198000,202000,1400000
1,1,1,0,2,10,20,3,2,1,84,5,4.700529,-74.056496,502000,599000,1101000
0,0,0,0,,20,,2,4,2,90,4,4.675696,-74.045235,1734000,758000,2492000
1,0,0,0,6,10,20,2,1,0,50,3,4.7642965,-74.02892,770000,80000,850000
0,1,0,0,,0,5,2,2,1,43,4,6.2436,-75.61172,1200000,0,1200000
1,1,0,0,3,10,20,4,3,1,0,5,4.7100596,-74.05982,1388200,311800,1700000
0,1,0,0,,0,5,2,3,1,92,6,6.21159,-75.5709,2700000,0,2700000
1,0,0,0,,10,20,3,2,0,0,3,4.598868,-74.06944,1865000,0,1865000
1,0,0,0,,10,20,3,2,0,0,3,4.7194786,-74.070625,1000000,0,1000000
0,0,0,0,1,10,20,3,0,2,93,6,6.1861672,-75.57935,2800000,0,2800000
0,0,0,0,,20,,1,1,0,48,4,4.63543,-74.0755,1000000,0,1000000
0,0,0,0,0,0,5,1,1,0,35,3,4.5785427,-74.10564,550000,0,550000
1,1,0,0,3,5,10,3,3,2,157,6,4.6953917,-74.04623,5200000,0,5200000
1,1,0,1,0,5,10,3,5,4,435,6,6.182957,-75.568275,8300000,0,8300000
0,0,0,1,6,0,5,3,2,0,60,2,4.648134,-74.15425,830000,0,830000
1,1,0,0,2,,,2,2,1,84,6,4.6566577,-74.04879,4200000,0,4200000
1,1,0,1,3,5,10,2,3,2,80,6,4.6934,-74.05362,3600000,0,3600000
1,1,0,0,8,5,10,4,4,3,0,6,4.658074,-74.04687,8683000,2317000,11000000
1,1,1,1,5,5,10,3,4,3,177,6,4.699807,-74.028915,4864000,836000,5700000
0,0,0,0,4,10,20,2,2,2,104,6,4.678463,-74.04318,4700000,0,4700000
0,0,0,0,,0,5,3,2,0,68,3,4.58197,-74.10613,900000,0,900000
0,0,0,0,,20,,4,3,1,72,3,4.58887,-74.1599,1200000,0,1200000
0,1,0,1,1,0,5,1,2,2,90,6,6.216127,-75.55566,3900001,999999,4900000
0,0,0,0,,,,3,1,1,60,3,4.70302,-74.08917,1250000,0,1250000
0,1,0,0,8,0,5,2,3,2,130,6,4.67346,-74.056465,3220000,780000,4000000
0,1,0,0,,0,5,3,2,1,79,4,6.26756,-75.59808,2300000,0,2300000
1,1,0,0,7,20,,3,3,2,110,4,4.7304783,-74.04958,1800000,400000,2200000
0,1,0,0,,20,,4,4,3,205,6,4.69928,-74.03494,4800000,0,4800000
0,0,0,0,0,0,5,3,1,0,55,2,4.679176,-74.16353,900000,0,900000
0,0,0,0,6,5,10,2,2,2,68,5,4.7026753,-74.051735,1300000,500000,1800000
0,0,0,0,,0,5,3,5,2,217,6,6.18346,-75.56086,6000000,0,6000000
1,1,1,1,3,0,5,2,3,2,77,6,4.6991997,-74.03997,1500000,450000,1950000
0,0,0,0,1,20,,2,2,1,90,6,4.6979585,-74.04134,2330000,0,2330000
0,1,0,0,1,10,20,3,2,2,0,5,4.7008977,-74.0549,2138000,681000,2819000
1,1,0,0,10,10,20,2,2,1,73,4,4.7452407,-74.03302,1638889,11111,1650000
1,0,0,1,4,10,20,2,3,2,150,6,4.6766663,-74.05359,7000000,1000000,8000000
1,0,0,1,12,0,5,2,2,1,75,4,4.6175485,-74.07162,1800000,400000,2200000
0,0,0,0,,0,5,1,2,2,67.94,5,6.23866,-75.56479,3200000,0,3200000
0,1,0,1,4,20,,3,3,2,124,6,4.7134223,-74.048874,3000000,0,3000000
1,0,0,0,5,10,20,3,4,3,0,4,4.665751,-74.04978,8000000,0,8000000
0,1,0,0,,5,10,3,3,3,197,6,6.25045,-75.53604,7400000,0,7400000
0,0,0,0,,5,10,3,3,3,180,6,4.6496096,-74.05154,6200000,1100000,7300000
0,1,0,0,,0,5,2,2,1,62,4,4.7446,-74.02586,1036000,264000,1300000
0,0,0,0,,0,5,1,2,1,67,5,4.6729026,-74.058754,1750000,500000,2250000
1,1,0,0,3,10,20,3,3,2,127,6,4.662669,-74.04939,2498000,752000,3250000
1,0,0,0,1,20,,4,4,1,126.8,6,4.6981683,-74.03754,1873750,326250,2200000
0,1,0,0,,5,10,2,2,0,55,4,6.25899,-75.60906,1100000,0,1100000
0,0,0,0,,20,,2,1,0,46,3,4.59294,-74.10295,850000,0,850000
1,1,0,0,12,10,20,3,2,1,93,4,4.740382,-74.06533,2100000,0,2100000
1,0,1,0,,0,5,3,2,1,96,5,4.740796,-74.05668,2000000,300000,2300000
1,1,0,0,2,10,20,2,1,1,54,4,4.7273993,-74.04754,1500000,0,1500000
0,0,0,0,2,5,10,2,1,1,50,4,4.725284,-74.030556,1500000,0,1500000
0,0,0,0,0,5,10,3,2,1,60,3,4.7233505,-74.134315,720000,190000,910000
1,0,0,0,3,10,20,2,2,0,55,3,4.604189,-74.101746,850000,0,850000
1,1,0,1,,10,20,3,2,1,0,5,4.721415,-74.04545,1008500,501500,1510000
0,1,0,0,4,0,5,2,2,1,52.15,3,4.689574,-74.092674,1550000,0,1550000
0,0,0,0,5,5,10,3,2,0,66,3,4.722262,-74.13003,1000000,0,1000000
0,1,0,0,3,5,10,5,3,2,79,5,4.6713743,-74.05598,281020,318980,600000
0,0,0,0,,0,5,3,2,0,74,3,6.19929,-75.56214,1600000,0,1600000
0,0,0,0,,5,10,1,2,2,65,6,4.6992555,-74.04643,3468000,466000,3934000
1,1,0,0,1,5,10,2,2,2,0,4,4.641117,-74.059944,1536000,564000,2100000
0,0,0,0,4,10,20,2,2,1,42,3,4.7524533,-74.05871,916900,183100,1100000
0,0,0,0,2,,,2,1,1,56,4,4.648987,-74.05405,1500000,0,1500000
0,1,0,0,1,5,10,1,1,1,58,5,4.643927,-74.05419,1400000,250000,1650000
0,0,0,0,,10,20,3,2,2,0,6,4.667193,-74.04824,5661100,838900,6500000
1,1,0,0,9,20,,3,3,2,170,5,4.7096276,-74.04397,4788889,11111,4800000
0,1,0,1,1,0,5,3,3,2,117,6,6.1959414,-75.57631,2000001,999999,3000000
0,0,0,0,,10,20,3,3,2,144,5,4.75617,-74.06996,3500000,0,3500000
0,1,0,0,11,5,10,3,5,4,210,5,6.2396345,-75.59816,4500000,0,4500000
1,0,0,0,1,0,5,2,1,0,64,4,6.25113,-75.58919,1300000,0,1300000
1,1,0,0,10,10,20,2,2,1,73,4,4.745793,-74.032104,1638889,11111,1650000
0,1,0,1,1,0,5,3,2,1,57,5,6.21825,-75.602516,750001,999999,1750000
0,0,0,0,,10,20,3,3,2,119,6,4.675827,-74.05905,3078000,611000,3689000
1,1,0,1,2,5,10,2,3,2,94,6,4.687076,-74.05406,2531000,369000,2900000
1,1,0,0,13,0,5,1,1,1,0,3,4.6034575,-74.0703,1184440,132780,1317220
0,0,0,0,,5,10,3,3,1,200,6,6.2172523,-75.56035,8100000,0,8100000
0,0,0,0,1,10,20,3,2,0,120,3,6.2589965,-75.60638,1500000,0,1500000
0,0,0,0,,5,10,2,2,0,47,2,4.59001,-74.0714,630000,70000,700000
1,0,0,0,3,10,20,3,3,1,104,4,4.729409,-74.048164,1030000,670000,1700000
0,1,0,0,2,10,20,3,3,1,88,4,4.7285767,-74.04073,1099000,251000,1350000
0,1,0,0,,5,10,3,2,1,90,4,4.65716,-74.11063,1445000,255000,1700000
0,0,0,0,,10,20,4,5,0,680,5,4.69122,-74.04575,9000000,0,9000000
0,0,0,1,1,0,5,2,1,0,50,3,6.2168393,-75.60435,-249999,999999,750000
1,0,1,1,5,10,20,2,1,0,52,4,4.6331863,-74.09087,1400000,0,1400000
1,1,0,0,3,0,5,2,2,1,70,5,4.69198,-74.06059,1888889,11111,1900000
1,1,0,1,5,0,5,2,2,1,59,3,4.720869,-74.0705,1450000,0,1450000
1,1,0,0,5,10,20,1,1,1,45,5,4.659728,-74.05767,1510900,239100,1750000
1,0,0,0,,10,20,3,2,1,0,4,4.733827,-74.06016,1403768,0,1403768
0,0,0,0,,0,5,2,2,0,62,3,4.63483,-74.15112,850000,0,850000
0,1,0,0,,,,1,2,1,77,6,4.65018,-74.04989,1750000,250000,2000000
1,1,0,1,2,20,,1,1,1,48,6,4.6902227,-74.054016,1400000,0,1400000
0,0,0,0,,5,10,3,5,2,178,5,4.70101,-74.0281,4500000,0,4500000
0,0,0,0,1,10,20,2,2,1,105,6,6.1976476,-75.57651,2700000,0,2700000
1,0,0,0,,10,20,2,1,1,0,3,4.65163,-74.059135,1600000,0,1600000
0,0,0,0,,0,5,2,1,0,50,2,6.2912,-75.5536,780000,0,780000
1,1,1,1,4,10,20,3,3,2,120,6,4.6961727,-74.0499,4700000,0,4700000
0,0,0,0,2,10,20,3,1,1,40,2,4.506618,-74.12134,650000,0,650000
0,0,0,0,1,20,,1,1,0,53,4,4.629778,-74.07782,850000,0,850000
1,0,0,0,,10,20,2,2,1,0,4,4.7351117,-74.053085,1500000,0,1500000
0,0,0,0,,0,5,4,3,1,83,4,6.24764,-75.56582,1300000,0,1300000
1,0,0,0,,10,20,1,5,4,400,5,4.6932087,-74.057,9490000,0,9490000
0,1,0,1,1,20,,1,1,1,35,3,4.642447,-74.06224,1182960,28520,1211480
0,0,0,0,2,20,,1,1,1,62,5,4.7100782,-74.046715,2300000,0,2300000
1,0,1,1,5,10,20,2,2,1,70,4,4.727965,-74.03689,800000,300000,1100000
1,1,1,0,,5,10,3,3,1,105,4,4.7296343,-74.03251,1252000,324000,1576000
0,0,0,1,1,0,5,5,3,1,400,4,6.245602,-75.602745,4500001,999999,5500000
1,1,0,1,2,20,,2,2,2,79.87,6,4.696656,-74.05429,1659000,541000,2200000
1,1,0,0,4,10,20,3,4,2,0,5,4.6732354,-74.0543,2250000,750000,3000000
1,0,0,1,2,0,5,1,2,1,42,4,4.725679,-74.038025,1300000,150000,1450000
1,1,0,1,0,10,20,3,2,1,132,6,6.1925826,-75.568146,3200000,0,3200000
0,0,0,0,,20,,3,2,1,65,3,4.63179,-74.14048,1200000,0,1200000
1,0,1,0,,0,5,5,5,4,480,5,4.619107,-74.16869,8500000,1500000,10000000
0,1,0,0,,0,5,3,2,1,70,4,4.71099,-74.07209,1100000,200000,1300000
1,1,0,1,,10,20,3,2,1,86,4,4.727803,-74.03919,1150000,425000,1575000
1,0,0,0,,10,20,3,2,1,0,4,4.6383834,-74.06726,1570000,0,1570000
0,1,0,0,,0,5,3,2,1,115,5,6.23917,-75.60243,2900000,0,2900000
0,0,0,0,,20,,1,1,1,39,5,4.699955,-74.0486,1166000,362000,1528000
1,1,0,0,5,0,5,1,2,1,42,3,4.619342,-74.06536,1060000,190000,1250000
1,0,0,0,,0,5,2,1,0,0,3,4.709743,-74.122826,750000,0,750000
0,1,0,1,1,0,5,2,1,1,68,5,6.225917,-75.562775,1640001,999999,2640000
1,0,0,0,,0,5,5,3,1,240,5,6.2617497,-75.59664,6000000,0,6000000
0,0,0,1,1,0,5,1,1,0,35,5,6.2470694,-75.59754,-199999,999999,800000
0,0,0,0,1,0,5,1,1,0,25,5,6.2301254,-75.60488,1225000,25000,1250000
1,1,0,0,1,10,20,2,2,2,105,5,4.710065,-74.04909,1477000,523000,2000000
1,1,0,0,5,0,5,1,1,0,33,3,4.645852,-74.0629,1300000,0,1300000
1,0,0,0,,20,,3,4,2,155,4,4.735422,-74.03479,-1800000,4000000,2200000
0,1,0,1,1,0,5,1,1,1,71,5,6.2109632,-75.56378,2000001,999999,3000000
1,1,1,0,6,0,5,4,3,1,135,5,6.2361174,-75.60146,2500000,0,2500000
0,1,0,0,3,20,,1,1,1,41,6,4.6551075,-74.050095,1328000,311000,1639000
1,0,0,0,5,20,,3,2,1,76.4,4,4.737122,-74.05235,1750000,0,1750000
1,0,0,0,2,0,5,1,1,0,30,5,6.2423315,-75.59596,1350000,0,1350000
0,0,0,0,8,5,10,3,2,1,100,6,6.217484,-75.566284,2500000,0,2500000
1,1,0,1,6,0,5,1,1,0,40,0,4.710253,-74.0697,884000,158000,1042000
1,1,0,1,,10,20,3,2,1,80,,6.2492127,-75.563324,2400000,0,2400000
1,1,0,0,6,10,20,3,3,2,105,4,4.721484,-74.060196,1876000,362000,2238000
0,1,0,1,1,0,5,3,2,1,70,5,6.200039,-75.563065,1000001,999999,2000000
1,1,0,0,8,0,5,3,2,2,97,3,4.74982,-74.05591,2500000,0,2500000
1,0,0,0,1,10,20,3,2,1,72,3,4.6449165,-74.134315,1350000,0,1350000
1,1,0,0,4,20,,3,4,2,151,6,4.659861,-74.05018,7200000,800000,8000000
0,1,0,1,1,0,5,1,1,1,33,6,6.197622,-75.55706,1100001,999999,2100000
1,1,0,1,21,0,5,3,4,1,112,5,6.2507944,-75.58306,2600000,0,2600000
1,0,0,1,,10,20,1,1,1,0,4,4.694794,-74.045494,1450000,0,1450000
0,0,0,0,,0,5,3,1,0,75,4,6.26644,-75.59714,1300000,0,1300000
1,0,0,0,3,10,20,3,3,2,106,4,4.718165,-74.03683,2143000,357000,2500000
0,0,0,0,,20,,1,1,1,0.95,5,4.65871,-74.05751,1550000,325000,1875000
0,0,0,0,,10,20,2,2,2,80,6,4.6901393,-74.04302,1700000,400000,2100000
1,0,0,1,,10,20,3,2,4,330,5,4.7651305,-74.06142,8320000,180000,8500000
0,0,0,0,,0,5,1,2,1,50,6,4.6677437,-74.0454,2040000,360000,2400000
0,0,0,1,,10,20,2,2,2,67,6,4.685773,-74.056114,1950000,450000,2400000
0,0,0,0,,,,3,3,1,69,3,4.61834,-74.13264,1340000,160000,1500000
1,1,1,1,2,10,20,3,4,2,155,6,4.666826,-74.04294,5500000,0,5500000
0,1,0,0,5,5,10,1,1,1,41,5,4.70753,-74.05549,996000,304000,1300000
1,1,0,1,14,5,10,2,2,2,0,5,4.710061,-74.0479,2017500,414500,2432000
1,1,0,0,3,20,,3,2,2,92,5,4.720137,-74.076294,2150000,400000,2550000
0,1,0,1,7,0,5,3,3,2,107,5,4.7065763,-74.07077,1654000,423000,2077000
0,1,1,0,1,10,20,2,2,1,110,6,4.6876116,-74.02818,2488000,612000,3100000
1,1,0,0,4,20,,2,2,2,100,5,4.687254,-74.04328,3000000,0,3000000
1,0,1,0,,0,5,3,2,1,64,4,4.746218,-74.02499,1260000,240000,1500000
1,1,0,0,5,10,20,2,2,2,0,6,4.670208,-74.05208,4893000,607000,5500000
1,0,1,0,,0,5,1,1,1,50,5,4.6484966,-74.05422,1114000,193000,1307000
0,1,0,1,1,0,5,4,4,1,126,5,6.260856,-75.59418,1500001,999999,2500000
0,1,0,0,,0,5,2,3,2,90,6,6.21588,-75.56765,3000000,0,3000000
1,1,0,1,4,5,10,2,2,1,80,3,4.6098228,-74.06486,1839300,360700,2200000
1,0,1,1,,20,,4,4,2,290,5,4.690851,-74.03456,6880000,120000,7000000
1,1,0,1,5,10,20,2,3,2,0,6,4.694488,-74.03809,2455000,745000,3200000
1,1,0,0,2,0,5,2,2,2,70,6,4.6927724,-74.04604,3490000,0,3490000
0,0,0,1,1,0,5,1,1,0,50,3,6.236341,-75.58172,-99999,999999,900000
1,1,0,0,,0,5,5,5,3,400,6,6.188842,-75.578476,6000000,0,6000000
0,0,0,0,,20,,2,1,1,65,4,6.2521,-75.59218,1400000,0,1400000
1,0,0,0,,10,20,4,3,0,0,3,4.718845,-74.068375,1100000,0,1100000
1,0,0,0,1,20,,1,1,0,58,4,4.638751,-74.06197,1038889,11111,1050000
0,0,0,1,1,0,5,1,1,0,163,4,6.2462306,-75.58482,4000001,999999,5000000
0,0,0,0,,5,10,3,2,1,65,4,6.225,-75.5967,1000000,0,1000000
0,1,0,1,1,0,5,1,1,2,54,6,6.189703,-75.57734,2500001,999999,3500000
1,1,0,0,3,10,20,3,3,2,90,5,4.6728907,-74.0565,2838889,11111,2850000
1,1,0,1,5,10,20,3,3,3,138,5,4.71334,-74.03101,4197000,603000,4800000
0,0,0,0,,0,5,2,2,1,60,4,6.2357,-75.59511,1800000,0,1800000
1,1,0,0,7,5,10,3,4,4,230,6,4.6556706,-74.04983,9800000,2100000,11900000
1,0,0,0,3,5,10,1,1,0,35,3,4.6667314,-74.064,1188889,11111,1200000
0,0,0,0,6,10,20,3,4,3,0,6,4.6494255,-74.04986,4610000,1390000,6000000
0,0,0,0,0,5,10,3,2,1,80,4,4.7405057,-74.03654,924969,146000,1070969
0,1,0,1,1,20,,3,2,0,78,5,6.2438984,-75.58453,1700000,0,1700000
1,0,0,0,3,20,,1,1,0,35,4,6.2511897,-75.59515,730000,0,730000
1,0,0,0,1,20,,2,2,1,50.6,4,4.7373185,-74.04258,1033000,167000,1200000
1,1,0,1,14,0,5,1,1,1,0,3,4.6183224,-74.06517,920000,280000,1200000
1,1,0,0,3,5,10,1,2,1,0,5,4.6955185,-74.060036,650000,375000,1025000
1,1,0,0,13,0,5,1,1,0,35,3,6.2533746,-75.55359,800000,0,800000
1,1,0,0,1,20,,4,4,2,300,5,6.2433825,-75.59787,3500000,0,3500000
0,0,0,0,,5,10,2,1,0,50,3,6.22598,-75.60529,950000,0,950000
0,0,0,0,2,5,10,3,5,2,223,6,4.6702523,-74.05433,12500000,0,12500000
1,1,0,1,1,10,20,3,2,1,75,4,4.6584096,-74.113846,1464000,336000,1800000
1,1,0,0,4,0,5,3,3,2,120,6,4.694295,-74.03792,4900000,0,4900000
1,1,0,1,,10,20,2,3,3,0,6,4.663867,-74.04899,3918000,1082000,5000000
1,0,0,0,4,10,20,1,1,0,40,3,4.642397,-74.06183,1000000,0,1000000
1,0,1,1,12,20,,3,2,0,58,4,4.6635075,-74.082504,1100000,200000,1300000
1,0,0,0,5,20,,3,2,1,64,4,4.729102,-74.03163,1316000,0,1316000
0,0,0,0,,10,20,3,4,3,320,6,4.7151203,-74.02706,8358000,1142000,9500000
0,1,0,0,3,5,10,4,2,1,434,5,4.6706057,-74.05656,270946,329054,600000
1,1,0,0,6,10,20,3,2,1,80,4,4.7217326,-74.02593,1788889,11111,1800000
1,0,0,0,,10,20,3,2,1,0,4,4.6488905,-74.05575,2249244,0,2249244
1,1,0,0,5,5,10,2,2,1,65,3,4.6477556,-74.06653,1600000,0,1600000
1,1,0,0,4,10,20,2,2,1,0,4,4.7253165,-74.04009,1150475,349525,1500000
1,1,0,0,7,20,,2,1,1,55,4,4.6338363,-74.06399,1350000,0,1350000
0,0,0,0,,0,5,1,1,0,40,3,6.28598,-75.57487,700000,0,700000
0,0,0,0,,10,20,1,1,1,41,4,4.642,-74.06159,900000,300000,1200000
0,1,0,0,9,5,10,1,2,1,65,6,4.6788073,-74.05444,1980000,620000,2600000
1,0,0,1,1,20,,3,2,1,78,3,4.7309594,-74.030945,983600,183200,1166800
1,0,0,0,,10,20,5,5,4,269,4,4.6862054,-74.06435,11500000,0,11500000
0,0,0,0,1,5,10,3,4,2,141,6,4.690921,-74.04722,2600000,1100000,3700000
1,0,0,0,9,5,10,1,2,1,0,4,4.722264,-74.039314,1318000,182000,1500000
0,1,0,0,,10,20,3,4,3,263,6,4.6559,-74.04929,9500000,3000000,12500000
0,0,0,0,5,20,,1,1,1,45,4,4.63403,-74.06924,715000,285000,1000000
0,0,0,0,,20,,1,1,1,50,6,4.66432,-74.05181,1590000,310000,1900000
1,0,0,1,20,10,20,1,2,1,51,4,4.644579,-74.05556,1450000,200000,1650000
0,1,0,1,1,5,10,3,2,0,60,1,6.203581,-75.60404,1200000,0,1200000
1,0,0,1,4,0,5,2,2,2,86,5,4.7235465,-74.04149,1520000,490000,2010000
1,1,0,1,5,0,5,1,2,2,65,6,4.6777005,-74.054955,2550000,400000,2950000
0,0,0,0,,10,20,4,5,3,0,6,4.677978,-74.04494,13000000,0,13000000
1,0,0,0,,0,5,2,1,0,56,2,4.5842814,-74.11887,550000,100000,650000
1,1,0,0,8,10,20,3,2,0,57,3,4.6358876,-74.126236,810000,160000,970000
0,1,0,1,0,0,5,3,4,2,170,6,6.2004824,-75.56677,6100000,0,6100000
0,1,0,1,3,0,5,2,1,0,49,3,4.5901446,-74.15966,800000,0,800000
1,0,0,0,3,5,10,4,3,1,75,4,4.6191106,-74.07214,1465000,35000,1500000
1,1,0,1,3,5,10,1,2,1,65,6,4.6810946,-74.054405,3140000,530000,3670000
1,0,0,0,2,,,1,2,1,43,5,4.6969495,-74.0614,1350000,0,1350000
1,0,0,1,3,5,10,2,2,0,60,5,6.243206,-75.601814,1300000,0,1300000
0,0,0,0,,0,5,1,1,1,44,5,6.233542,-75.5961,1600000,0,1600000
0,1,0,0,,20,,3,4,2,116,6,4.68416,-74.046,3800000,0,3800000
0,1,0,0,3,5,10,2,2,1,58,5,4.7051864,-74.057205,1166000,367000,1533000
0,0,0,0,,0,5,3,2,1,63,3,6.30798,-75.56496,1110000,0,1110000
1,0,0,1,1,10,20,3,3,2,165,6,4.674256,-74.05102,6950000,1050000,8000000
0,0,0,0,,20,,3,2,0,52,3,4.62298,-74.13069,950000,0,950000
0,0,0,0,,,,2,1,0,45,3,4.67926,-74.09516,780000,0,780000
0,0,0,0,,0,5,2,1,0,40,3,4.58824,-74.1571,770000,0,770000
1,0,0,1,2,20,,2,2,1,51,3,4.7382436,-74.08523,900000,0,900000
0,1,0,0,,10,20,2,2,1,84,6,6.18108,-75.57216,1700000,0,1700000
1,1,0,1,2,5,10,2,3,2,143,6,4.677345,-74.043274,7400000,1600000,9000000
1,1,0,0,8,20,,3,3,2,171.66,6,4.6615677,-74.05495,6256000,872000,7128000
0,1,0,0,2,5,10,2,1,0,44,3,4.640974,-74.14695,720000,80000,800000
0,0,0,1,1,0,5,3,0,2,300,5,6.2412066,-75.58731,4500001,999999,5500000
1,0,0,1,3,5,10,3,3,2,125,5,4.6873817,-74.03711,3300000,400000,3700000
0,0,0,0,,0,5,3,2,1,63,3,4.65288,-74.15341,860000,170000,1030000
0,0,0,0,,10,20,2,3,1,98,4,4.6591244,-74.11169,2840000,330000,3170000
0,0,0,1,1,0,5,1,1,0,32,4,6.244131,-75.58513,-49999,999999,950000
0,0,0,1,2,20,,4,3,1,125,5,6.2472644,-75.59965,1800000,0,1800000
1,1,0,0,3,10,20,1,1,1,46.13,3,4.665331,-74.06301,1150000,0,1150000
0,1,0,0,,10,20,2,2,1,45,5,4.69269,-74.06239,550000,500000,1050000
1,1,0,0,1,10,20,1,1,1,44,5,4.708541,-74.03276,1300000,0,1300000
1,1,0,1,4,10,20,2,3,1,110,6,4.679643,-74.040924,3000000,600000,3600000
0,1,0,0,,0,5,3,2,1,93,5,6.22569,-75.56158,2600000,0,2600000
1,1,0,0,3,10,20,3,3,2,170,6,4.718248,-74.02733,5700000,0,5700000
0,1,0,0,4,0,5,2,2,2,138,6,4.674188,-74.05156,7030000,970000,8000000
0,1,0,0,1,5,10,2,3,2,146,5,4.6484175,-74.05448,4200000,0,4200000
1,0,0,0,5,10,20,3,1,0,0,3,4.7151394,-74.107056,781000,69000,850000
1,0,0,0,,20,,5,3,1,186,5,6.2600317,-75.594124,3500000,0,3500000
1,0,0,0,2,10,20,2,2,1,0,5,4.705171,-74.05638,1600000,0,1600000
1,1,0,1,3,0,5,2,2,2,94,1,4.712748,-74.08828,1847000,353000,2200000
0,0,0,0,,0,5,1,1,0,45,4,6.23349,-75.60033,800000,0,800000
0,0,0,0,,20,,1,1,1,45,4,4.70421,-74.05384,632000,334000,966000
1,0,1,0,,0,5,3,2,1,58,4,4.7555604,-74.0241,912000,188000,1100000
1,1,0,0,,0,5,1,1,1,40,3,4.6446953,-74.06328,1200000,330000,1530000
1,0,0,0,5,5,10,1,2,1,51,5,4.7042403,-74.03159,1600000,0,1600000
0,1,0,1,1,0,5,1,1,0,30,3,6.254516,-75.55306,-149999,999999,850000
0,1,0,1,1,20,,2,1,0,50,4,6.2266245,-75.56303,1250000,0,1250000
1,1,0,1,4,20,,3,3,1,101.6,6,4.6954794,-74.04178,1024000,826000,1850000
1,1,0,1,4,20,,2,2,1,53,3,,,1800000,0,1800000
1,0,0,0,,5,10,2,0,1,0,3,4.584781,-74.16054,1103000,0,1103000
0,1,0,1,1,0,5,3,2,0,52,3,6.264477,-75.569595,200001,999999,1200000
1,1,0,0,17,5,10,3,2,2,80,4,4.6968117,-74.08422,2250000,0,2250000
1,0,0,0,,10,20,5,5,3,4000,5,4.6893067,-74.03623,19000000,0,19000000
1,0,0,0,,10,20,3,2,1,0,4,4.6484895,-74.109344,2096000,0,2096000
0,0,0,0,,10,20,2,2,1,0,6,4.6795125,-74.0433,2400000,300000,2700000
0,1,0,0,3,20,,3,3,2,186,6,4.6535935,-74.05008,5600000,900000,6500000
0,1,0,1,1,10,20,3,3,0,129,5,6.239559,-75.60853,3000000,0,3000000
1,1,1,1,1,10,20,3,4,4,200,6,4.7107534,-74.02747,7800000,1200000,9000000
1,1,0,1,4,0,5,1,2,1,50,5,4.717952,-74.04874,1650000,50000,1700000
0,0,0,0,,0,5,3,2,1,60,4,6.282,-75.60412,1100000,0,1100000
0,0,0,0,,10,20,3,3,1,90,4,4.73737,-74.03444,1341000,259000,1600000
1,1,0,1,4,10,20,3,2,1,0,4,4.7474365,-74.035385,1300000,0,1300000
1,1,0,0,6,10,20,3,2,1,80,4,4.7241607,-74.02659,1788889,11111,1800000
0,1,0,0,3,10,20,3,2,1,75,4,4.660649,-74.07658,1800000,0,1800000
1,1,1,1,0,5,10,3,3,1,110,6,6.193283,-75.56661,5500000,0,5500000
1,0,0,0,2,0,5,1,2,1,40,6,4.6982403,-74.04136,1738889,11111,1750000
0,0,0,1,1,0,5,1,1,1,350,6,6.1980166,-75.58344,12000001,999999,13000000
1,0,0,0,1,20,,3,2,0,100,4,4.6511197,-74.07142,1200000,0,1200000
1,0,1,1,5,10,20,2,2,1,72,4,4.7348466,-74.03911,700000,300000,1000000
0,0,0,0,2,0,5,3,3,2,138,6,4.685275,-74.04872,5330000,585000,5915000
0,1,0,0,,5,10,1,2,1,42,4,4.72038,-74.04036,1030300,199700,1230000
0,0,0,0,1,0,5,1,1,0,46,5,6.230558,-75.60238,1275000,25000,1300000
1,0,0,1,15,5,10,1,2,0,57,4,4.6443753,-74.05535,3000000,0,3000000
0,0,0,0,,20,,1,1,1,40,6,4.6947627,-74.03518,1075000,325000,1400000
1,1,0,1,1,20,,3,3,1,126,5,4.7007484,-74.0542,1223800,688100,1911900
1,1,0,0,10,10,20,2,2,1,73,4,4.747569,-74.033844,1638889,11111,1650000
1,0,0,0,,10,20,5,5,0,0,3,4.6253443,-74.068924,5800000,0,5800000
1,1,0,0,4,0,5,1,2,2,60,6,4.6801724,-74.04573,2600000,0,2600000
0,1,0,0,,0,5,3,2,1,115,5,6.23917,-75.60243,2900000,0,2900000
1,0,0,1,10,5,10,1,2,1,53,4,4.639165,-74.0599,1800000,300000,2100000
1,0,0,0,3,5,10,2,2,1,59,4,4.634616,-74.06523,1171700,328300,1500000
1,1,0,1,3,10,20,2,2,2,65,6,4.6766305,-74.054985,2197000,503000,2700000
1,0,0,0,3,10,20,2,2,2,114,6,4.6954308,-74.05321,2085000,615000,2700000
0,1,0,1,1,0,5,2,2,2,120,5,6.180449,-75.57461,1000001,999999,2000000
0,1,0,0,,0,5,3,2,1,93,5,6.22569,-75.56158,2600000,0,2600000
1,0,0,0,2,20,,3,1,0,58,3,4.7121463,-74.10623,838889,11111,850000
0,1,0,0,,0,5,2,2,1,60,4,4.71991,-74.03456,1800000,0,1800000
1,0,1,0,,0,5,3,1,0,50,3,4.648314,-74.15679,614000,100000,714000
0,0,0,0,,,,2,4,2,221,4,4.67126,-74.06507,6500000,0,6500000
0,0,0,0,,0,5,1,1,1,40,4,6.26104,-75.59054,1100000,0,1100000
0,0,0,0,2,10,20,1,1,0,32.5,4,4.6317716,-74.06444,983000,167000,1150000
1,0,0,1,7,10,20,3,3,1,110,4,4.6486254,-74.05639,2591000,409000,3000000
1,0,0,1,,10,20,3,2,1,0,3,4.6351385,-74.12683,1600000,0,1600000
1,0,0,0,,10,20,1,2,1,0,4,4.630745,-74.08356,3000000,0,3000000
0,1,0,1,5,5,10,2,2,2,80,6,4.671879,-74.04771,5500000,0,5500000
0,0,0,0,1,0,5,3,0,1,100,5,6.234381,-75.59593,1900000,0,1900000
0,1,0,0,,5,10,1,2,1,60,4,4.63745,-74.07774,1220000,250000,1470000
0,0,0,0,,0,5,2,1,1,65,3,6.24764,-75.56582,950000,0,950000
0,1,0,0,,5,10,3,2,0,75,6,6.21178,-75.56763,2200000,0,2200000
0,1,0,1,1,0,5,2,1,0,56,5,6.227456,-75.567245,250001,999999,1250000
1,1,0,1,0,20,,3,2,1,85,6,6.2057705,-75.5765,2500000,0,2500000
0,1,0,0,,10,20,3,4,2,207,6,6.18632,-75.55793,7800000,0,7800000
1,1,0,1,3,5,10,2,3,2,76,6,4.677036,-74.05471,4200000,400000,4600000
1,1,1,1,3,5,10,1,1,1,50,5,4.670301,-74.05604,1500000,500000,2000000
0,0,0,0,2,,,1,2,0,40,4,4.631696,-74.07609,1400000,0,1400000
0,0,0,0,1,10,20,3,2,1,57,3,4.66126,-74.08135,1081600,159200,1240800
1,1,0,0,2,10,20,2,2,1,73,3,4.594172,-74.07626,1100000,200000,1300000
0,1,0,1,3,0,5,3,5,3,222,6,4.721071,-74.082695,2825800,1374200,4200000
1,0,0,1,3,10,20,2,2,2,107,6,4.692854,-74.05137,2200000,950000,3150000
1,1,0,0,5,5,10,2,2,1,44,4,4.7242346,-74.030106,1350000,0,1350000
1,1,0,0,3,10,20,3,3,2,170,6,4.717474,-74.02499,5700000,0,5700000
1,1,0,1,5,5,10,2,3,2,120,6,4.6787744,-74.04226,5500000,810000,6310000
0,0,0,1,4,20,,3,2,0,56,3,4.74884,-74.05675,940000,130000,1070000
1,0,0,1,3,5,10,2,2,0,60,5,6.243206,-75.601814,1250000,0,1250000
1,0,0,0,1,5,10,1,1,0,20,3,4.6787977,-74.06239,800000,0,800000
1,0,0,1,5,10,20,3,1,0,60,3,4.749673,-74.10818,700000,100000,800000
0,1,0,0,,20,,1,1,0,40,3,6.24806,-75.60922,700000,0,700000
0,0,0,0,,0,5,1,1,1,62,5,6.25191,-75.59661,1050000,0,1050000
1,0,1,1,,10,20,3,5,3,300,6,4.720831,-74.025505,9000000,1000000,10000000
0,0,0,0,5,10,20,2,2,1,63,5,4.704724,-74.04884,1500000,300000,1800000
0,1,0,0,,0,5,2,2,2,85,6,6.20591,-75.55507,3000000,0,3000000
1,0,0,0,3,10,20,3,3,2,117,5,4.6829853,-74.05472,3500000,0,3500000
0,1,0,0,3,0,5,1,2,2,70,6,4.671707,-74.05744,2450000,450000,2900000
1,1,1,1,12,5,10,3,5,3,214,6,4.666734,-74.0441,9300000,1200000,10500000
0,1,0,1,10,20,,3,4,3,370,6,4.6735673,-74.043304,17000000,3000000,20000000
1,0,1,0,,0,5,4,2,1,74,3,4.553627,-74.09389,900000,100000,1000000
1,1,0,1,19,10,20,2,2,2,105,4,4.61729,-74.06995,2353000,573500,2926500
1,1,0,0,,10,20,1,1,1,42,5,4.6933894,-74.061874,685000,315000,1000000
1,1,0,0,2,10,20,3,3,2,115,6,4.657833,-74.05149,3638000,862000,4500000
0,1,0,0,1,10,20,3,2,0,96,5,6.2223253,-75.56649,2600000,0,2600000
0,0,0,0,,0,5,1,1,0,45,4,6.24235,-75.58152,1100000,0,1100000
1,0,0,0,10,,,4,4,3,300,6,4.7076564,-74.0417,11495000,0,11495000
0,1,0,1,1,20,,1,1,0,37,4,4.6351027,-74.067375,820000,140000,960000
1,0,0,0,4,10,20,1,1,1,44,4,4.6330237,-74.070404,859100,190900,1050000
1,1,0,1,3,20,,2,4,2,111,6,4.686021,-74.04399,2104000,496000,2600000
1,1,0,1,,10,20,2,2,2,0,4,4.688045,-74.04235,2066000,404000,2470000
1,0,0,1,,10,20,3,2,0,0,3,4.7044535,-74.10596,1100000,0,1100000
1,0,0,0,,10,20,4,4,2,0,4,4.6903124,-74.03915,4500000,0,4500000
1,1,0,0,6,10,20,1,2,1,54,5,4.6986437,-74.04318,1005000,345000,1350000
1,1,0,0,,10,20,1,2,2,75,6,4.6806216,-74.05587,1202000,548000,1750000
1,0,0,1,,5,10,4,5,4,704,6,4.8169565,-74.04759,13520000,1480000,15000000
1,1,0,1,3,20,,3,3,2,192.29,6,4.6712213,-74.05171,4934900,1065100,6000000
1,1,0,0,7,10,20,2,1,1,48,4,4.6340857,-74.065155,778500,321500,1100000
1,1,0,0,2,10,20,3,2,0,60,3,4.753532,-74.08404,1100000,0,1100000
1,0,0,0,4,10,20,3,2,1,95,6,6.249883,-75.563675,2200000,0,2200000
0,0,0,0,,5,10,3,1,0,52,3,6.2641,-75.56939,780000,0,780000
1,0,1,0,,0,5,2,2,1,45,5,4.700473,-74.05741,1100000,300000,1400000
1,1,0,0,6,,,1,2,1,62,6,4.657781,-74.05069,2516000,584000,3100000
1,0,0,0,5,10,20,3,3,1,0,4,4.7338157,-74.05868,1605000,245000,1850000
0,1,0,0,3,0,5,1,1,0,38,3,4.638665,-74.06623,1400000,0,1400000
1,0,0,0,1,20,,2,2,1,59,3,4.7400265,-74.04053,1300000,0,1300000
0,1,0,0,,10,20,3,3,1,121,5,4.69785,-74.04539,5000000,0,5000000
0,0,0,0,,10,20,2,2,0,80,3,4.66856,-74.06443,1400000,0,1400000
0,1,0,0,4,10,20,3,2,2,103,5,4.7170854,-74.04492,2185000,315000,2500000
0,1,0,0,6,10,20,3,2,2,97,5,4.7097797,-74.060555,1820000,380000,2200000
1,1,0,1,3,10,20,2,3,2,100,6,4.678656,-74.04253,2129000,921000,3050000
1,0,0,0,3,20,,4,3,0,280,4,6.2675014,-75.596924,2400000,0,2400000
1,1,0,0,6,0,5,1,1,1,50,5,6.236703,-75.59807,1550000,0,1550000
0,0,0,0,,10,20,3,2,1,90,3,4.7264,-74.12373,800000,150000,950000
1,0,0,1,,10,20,3,2,1,121,6,4.700042,-74.04267,2500000,0,2500000
1,1,0,0,3,10,20,1,1,1,0,5,4.706515,-74.058685,1005000,195000,1200000
0,0,0,0,,10,20,5,3,0,210,3,6.25867,-75.60327,3200000,0,3200000
0,1,0,1,1,0,5,2,2,1,106,6,6.2289133,-75.54431,2600001,999999,3600000
1,0,0,0,1,20,,1,1,0,38,4,4.628249,-74.076805,1000000,0,1000000
0,0,0,0,2,20,,3,2,0,120,4,4.6333814,-74.075584,1780000,20000,1800000
0,0,0,0,1,5,10,3,2,1,59,3,4.6801233,-74.07323,1090000,160000,1250000
1,1,0,0,3,10,20,3,4,2,148,6,4.693496,-74.050476,4110000,950000,5060000
1,1,0,0,12,5,10,3,1,0,41,2,4.754706,-74.0886,900000,0,900000
1,1,0,0,10,10,20,3,5,2,0,5,4.7126317,-74.02947,2784100,715900,3500000
1,1,0,0,4,0,5,2,3,2,59,4,4.719417,-74.03367,1950000,0,1950000
0,0,0,0,1,10,20,3,2,1,65,3,4.6899366,-74.11161,996000,152000,1148000
1,0,0,0,1,20,,1,1,0,50,3,4.5983124,-74.06929,1400000,0,1400000
0,0,0,0,3,5,10,2,2,2,123,6,4.657181,-74.05157,4540000,880000,5420000
1,0,0,0,,10,20,3,2,0,54,2,4.569134,-74.14326,824000,76000,900000
1,1,0,0,4,10,20,2,2,1,75,5,4.6877823,-74.04374,1150000,350000,1500000
1,0,0,0,,10,20,3,3,2,240,4,4.727718,-74.044586,4500000,0,4500000
0,1,0,0,,0,5,3,2,1,80,6,6.1998377,-75.5617,2300000,0,2300000
1,1,0,0,3,10,20,3,2,1,87,4,4.7456694,-74.03194,1400000,100000,1500000
1,0,0,0,3,10,20,2,1,0,60,4,6.249819,-75.61362,950000,0,950000
1,1,0,0,9,20,,3,3,2,99,5,4.727678,-74.06726,1404800,395200,1800000
1,1,0,1,3,5,10,1,2,1,65,6,4.6811275,-74.054474,2220000,530000,2750000
0,1,0,1,1,0,5,1,1,1,60,6,6.191195,-75.57909,500001,999999,1500000
1,1,0,0,12,5,10,3,5,3,212,5,4.638223,-74.05903,5046000,954000,6000000
1,1,0,1,2,0,5,3,2,1,62,2,4.7221613,-74.13272,1400000,0,1400000
0,0,0,0,4,5,10,3,2,1,70,4,4.7581964,-74.05111,2000000,0,2000000
0,1,0,0,,0,5,2,2,2,70,6,6.200583,-75.57259,2800000,0,2800000
0,0,0,0,0,10,20,3,1,1,60,2,4.7295194,-74.08915,1100000,0,1100000
0,0,0,0,4,10,20,2,2,2,104,6,4.678463,-74.04318,4200000,0,4200000
1,0,1,0,,5,10,2,2,1,69,4,4.746218,-74.02499,1440000,230000,1670000
0,1,0,0,3,5,10,2,2,1,86,6,4.6728044,-74.05488,2900000,0,2900000
1,0,1,0,3,20,,2,1,0,90,4,4.6378226,-74.072,1300000,0,1300000
1,1,0,1,6,10,20,4,4,3,250,6,4.6691628,-74.047005,8900000,1100000,10000000
0,1,0,0,,10,20,4,3,4,184,6,6.19248,-75.56744,4300000,0,4300000
1,0,0,0,1,10,20,2,1,0,53,3,4.739368,-74.09664,750000,0,750000
1,1,0,1,4,10,20,1,2,2,0,6,4.657817,-74.05409,2100000,500000,2600000
1,0,0,1,5,20,,1,1,1,39,3,4.7185445,-74.053474,1310000,10000,1320000
0,1,0,1,1,0,5,3,2,1,108,5,6.2429366,-75.59415,1500001,999999,2500000
0,1,0,0,8,10,20,4,5,2,300,6,,,12400000,2600000,15000000
0,0,0,0,1,0,5,1,1,0,138,,6.219195,-75.57622,9000000,0,9000000
0,0,0,0,,0,5,3,1,0,68,3,6.26963,-75.59968,1100000,0,1100000
0,1,0,0,,5,10,2,2,2,77,4,4.64529,-74.05418,2200000,0,2200000
0,0,0,0,2,10,20,2,1,0,55,3,4.6748037,-74.092354,860000,0,860000
0,0,0,0,,20,,3,2,1,70,3,4.68135,-74.13451,990000,110000,1100000
0,0,0,1,1,0,5,2,0,0,65,3,6.2723103,-75.57873,-19999,999999,980000
0,0,0,0,3,10,20,2,1,1,52,,4.745724,-74.12616,965000,235000,1200000
0,1,0,1,1,0,5,3,2,1,80,5,6.2615614,-75.59813,1000001,999999,2000000
0,0,0,0,1,10,20,3,2,0,62,3,6.256953,-75.55882,750000,0,750000
0,0,0,0,,5,10,3,2,0,60,4,6.26582,-75.58955,1400000,0,1400000
1,0,0,0,,10,20,1,2,0,0,3,4.6007967,-74.07082,1200000,0,1200000
1,0,0,0,,10,20,4,5,4,0,5,6.2165437,-75.55496,11000000,1000000,12000000
1,1,0,0,1,10,20,2,2,1,0,5,4.695144,-74.03773,1578800,421200,2000000
1,1,0,0,3,5,10,1,2,2,0,5,4.7174067,-74.07546,2000000,600000,2600000
0,0,0,1,1,0,5,2,1,0,60,3,6.235842,-75.58177,-99999,999999,900000
1,1,0,1,2,10,20,1,2,1,71,6,4.6933765,-74.05494,1510000,440000,1950000
0,0,0,0,,20,,2,2,0,75,4,4.65649,-74.1007,1199999,0,1199999
1,1,0,1,4,10,20,2,2,2,83,6,4.695181,-74.04759,2350000,650000,3000000
1,0,0,0,,10,20,3,2,0,0,4,4.7521443,-74.04142,1170000,0,1170000
0,1,0,0,15,0,5,3,3,2,110,4,4.728544,-74.03612,2850000,450000,3300000
1,0,1,0,,10,20,3,3,1,170,6,4.7075405,-74.04146,4790000,10000,4800000
1,1,0,0,7,20,,3,3,1,113,4,4.7298627,-74.04805,2488889,11111,2500000
0,1,0,0,,0,5,1,1,1,50,4,4.60842,-74.06927,1100000,300000,1400000
0,1,0,0,4,5,10,3,2,2,100,4,4.7317586,-74.0372,1400000,300000,1700000
1,1,0,0,1,10,20,1,1,1,38,5,4.7028604,-74.05192,1040000,280000,1320000
0,0,0,0,1,,,1,1,1,35,5,4.6895347,-74.04519,1700001,0,1700001
0,0,0,0,,10,20,2,2,0,52,3,4.58379,-74.15459,850000,0,850000
0,0,0,0,1,10,20,1,2,0,160,6,6.208974,-75.55654,6000000,0,6000000
0,1,0,0,2,0,5,2,3,1,80,5,4.7019053,-74.03135,1550000,400000,1950000
1,1,1,0,14,0,5,1,1,1,44,4,4.659689,-74.0617,1450000,250000,1700000
0,1,0,0,6,0,5,1,2,2,58,6,4.662303,-74.046646,2500000,0,2500000
1,1,0,1,,5,10,3,3,2,0,6,4.692938,-74.04519,2941000,809000,3750000
1,1,1,0,9,0,5,2,2,1,57,0,6.246946,-75.59366,1580000,0,1580000
1,0,0,0,1,20,,2,1,0,40,4,4.646378,-74.068665,1300000,0,1300000
1,0,0,0,4,20,,3,4,2,128,6,4.6962705,-74.045494,2360000,570000,2930000
1,0,0,0,1,10,20,1,1,0,20,3,4.677087,-74.09987,800000,0,800000
0,0,0,1,1,0,5,3,1,0,75,3,6.2268887,-75.592224,200001,999999,1200000
0,1,0,1,3,10,20,3,5,3,181,6,4.680994,-74.05019,6500000,0,6500000
0,1,0,0,3,,,3,3,2,172,6,4.671778,-74.04546,5800000,1200000,7000000
1,0,0,0,,10,20,2,1,1,0,6,4.689215,-74.02877,1925600,424400,2350000
0,0,0,0,,0,5,1,1,0,50,5,6.26013,-75.59389,1000000,0,1000000
1,0,0,1,6,10,20,3,5,3,272,6,4.689776,-74.02846,10180000,2220000,12400000
1,1,0,1,,10,20,2,2,1,72,4,4.7241745,-74.03546,1122000,364000,1486000
1,1,0,0,5,,,3,2,1,75,3,4.664788,-74.06212,1800000,0,1800000
0,1,0,0,,0,5,1,2,1,63,6,6.18858,-75.57694,2600000,0,2600000
0,0,0,0,0,10,20,2,1,0,41,2,4.6509624,-74.156654,716400,66800,783200
1,1,0,1,0,10,20,2,3,1,100,6,6.210767,-75.567856,5000000,0,5000000
0,0,0,0,,20,,1,1,1,60,4,4.597349,-74.11684,1200000,0,1200000
0,0,0,0,,0,5,1,1,1,45,5,6.26335,-75.59864,1200000,0,1200000
0,1,0,0,2,5,10,2,1,1,50,4,4.687928,-74.077385,950000,250000,1200000
1,0,0,0,,0,5,5,3,2,400,5,6.2434654,-75.601456,5500000,0,5500000
0,1,0,1,2,20,,4,5,3,324,6,4.6698256,-74.04988,14950000,2100000,17050000
0,1,0,1,1,0,5,3,4,3,163,6,6.198243,-75.57231,3000001,999999,4000000
1,1,1,1,5,20,,4,4,3,265,6,4.652788,-74.050285,8500000,0,8500000
1,0,0,0,9,5,10,1,2,1,0,6,6.213301,-75.5629,2400000,0,2400000
0,0,0,0,,0,5,2,2,0,62,3,4.65801,-74.05289,850000,0,850000
1,0,0,0,42,0,5,1,1,1,67,4,4.6274395,-74.07292,2400000,0,2400000
1,1,0,0,10,5,10,3,2,2,65,4,4.77044,-74.03316,1450000,0,1450000
0,0,0,0,,10,20,3,2,1,65,4,4.6330266,-74.09744,1020000,280000,1300000
0,0,0,1,1,0,5,2,1,1,68,5,6.226033,-75.5648,300001,999999,1300000
0,0,0,0,,10,20,2,1,0,55,3,4.6767063,-74.0917,860000,0,860000
1,1,0,0,,20,,3,2,1,98,5,4.7084475,-74.04348,2300000,0,2300000
1,0,0,0,3,5,10,3,2,0,68,3,4.756901,-74.06914,1400000,0,1400000
0,0,0,0,,0,5,1,1,0,23,3,6.28426,-75.58723,480000,0,480000
1,1,0,0,7,10,20,3,2,1,70,4,4.6975474,-74.081436,1212000,288000,1500000
1,1,0,1,0,20,,1,2,1,60,6,6.1917725,-75.58155,1500000,0,1500000
0,1,0,1,1,0,5,1,1,2,32,6,6.197622,-75.55706,1100001,999999,2100000
0,1,0,0,7,10,20,3,5,4,225,6,4.675853,-74.05688,10500000,1500000,12000000
0,0,0,0,4,10,20,1,1,1,50,5,4.6891866,-74.041466,1650000,0,1650000
1,0,0,0,1,10,20,2,1,0,45,3,6.2189264,-75.59644,800000,0,800000
1,1,0,0,7,5,10,3,5,3,0,6,4.71262,-74.027504,10594800,1405200,12000000
0,0,0,0,1,10,20,1,1,0,58,6,4.664411,-74.04823,2000000,0,2000000
1,1,0,0,9,0,5,1,1,1,34,4,4.7263527,-74.038734,840000,180000,1020000
0,0,0,0,,5,10,2,2,2,115,6,4.660925,-74.05119,1700000,800000,2500000
1,0,0,0,2,5,10,1,1,0,55,5,6.246808,-75.60522,1400000,0,1400000
0,1,0,1,1,0,5,3,3,2,152,5,6.2442117,-75.59679,2500001,999999,3500000
1,0,0,0,4,,,2,2,1,78,4,4.733978,-74.05302,1450000,0,1450000
0,1,0,1,3,10,20,3,3,2,120,5,4.705132,-74.058655,1191900,408100,1600000
1,1,0,0,2,20,,3,2,2,93,6,4.657194,-74.049774,1400000,800000,2200000
0,0,0,0,,20,,3,2,4,345,4,4.62669,-74.08529,7000000,0,7000000
1,1,0,1,6,10,20,2,4,2,0,6,4.6814976,-74.05048,2100000,700000,2800000
0,0,0,0,,20,,3,3,2,120,5,4.70443,-74.05246,3800000,0,3800000
0,1,0,1,3,20,,3,5,4,243,6,4.669152,-74.05203,8800000,1700000,10500000
1,0,0,0,1,10,20,2,1,1,55,4,4.721219,-74.03531,700000,300000,1000000
0,0,0,1,1,10,20,2,2,0,63,5,6.2478065,-75.60265,1400000,0,1400000
1,0,1,0,,0,5,4,3,2,260,5,4.6995683,-74.08013,2900000,100000,3000000
1,1,1,0,13,20,,3,2,1,80,5,6.217838,-75.570045,2000000,0,2000000
1,0,0,0,3,10,20,3,3,2,130,4,4.670078,-74.08668,2150000,350000,2500000
0,0,0,0,,,,2,2,0,64,3,4.61295,-74.15907,900000,0,900000
0,1,0,0,,0,5,1,1,1,40,3,4.72268,-74.07168,850000,0,850000
1,0,0,0,,10,20,1,5,0,410,5,4.6807985,-74.06208,9300000,0,9300000
0,1,0,0,6,10,20,1,1,1,42,4,4.7252493,-74.050446,708000,196000,904000
0,0,0,0,,,,2,1,1,54,3,4.66221,-74.07046,1450000,0,1450000
0,0,0,0,,10,20,3,4,4,300,6,4.693724,-74.02815,10670000,1830000,12500000
0,0,0,0,0,10,20,2,1,0,45,3,4.591116,-74.146935,660465,0,660465
0,1,0,1,1,20,,3,2,1,93,6,4.6986313,-74.03574,2500000,0,2500000
0,1,0,0,7,10,20,3,3,2,105,6,6.188157,-75.57984,3100000,0,3100000
0,0,0,0,,20,,3,2,0,85,4,6.2529,-75.60725,1300000,0,1300000
0,0,0,0,1,10,20,3,1,0,50,3,4.577816,-74.1376,518844,102800,621644
1,0,0,0,,10,20,2,1,0,42,3,4.678841,-74.10679,1006000,94000,1100000
0,0,0,1,5,10,20,2,3,2,130,6,4.678272,-74.040474,2960000,870000,3830000
1,0,0,1,,10,20,3,3,2,0,4,4.7277856,-74.03185,2416000,0,2416000
1,1,1,1,4,5,10,2,2,2,100,6,4.697637,-74.04545,1519000,481000,2000000
1,0,0,0,2,20,,5,5,4,720,5,4.7249923,-74.04702,12000000,0,12000000
1,1,0,0,4,0,5,2,2,1,72.7,5,4.701854,-74.030334,1214000,562000,1776000
1,1,0,0,19,5,10,1,2,1,52,4,4.645013,-74.055786,2130000,185000,2315000
1,0,0,0,,0,5,5,3,2,400,5,6.2443175,-75.60355,5500000,0,5500000
1,1,0,0,,0,5,2,2,0,75,4,4.629679,-74.07411,1500000,0,1500000
0,1,0,0,,20,,1,1,0,30,4,4.72655,-74.03831,1000000,0,1000000
0,0,0,0,,5,10,3,2,1,89,3,4.74958,-74.06154,890400,304800,1195200
1,0,1,0,2,5,10,2,2,1,58,3,4.6997466,-74.08604,1340000,10000,1350000
0,0,0,0,,20,,3,2,1,55.42,4,4.71627,-74.06116,1250000,0,1250000
1,1,0,0,2,20,,1,1,1,41,4,4.6508555,-74.05447,1070000,330000,1400000
0,0,0,0,,0,5,1,1,0,30.81,3,4.67946,-74.15118,646000,77000,723000
1,0,0,0,,10,20,1,1,0,0,3,4.655644,-74.07066,950000,0,950000
1,0,0,0,,10,20,1,1,0,30,4,6.243464,-75.60077,1100000,0,1100000
0,0,0,0,1,10,20,3,2,1,166,0,6.214619,-75.576454,4500000,0,4500000
1,0,0,1,2,5,10,1,2,2,57,6,4.678611,-74.04211,2500000,0,2500000
1,0,0,0,1,20,,1,1,1,45,4,4.6303816,-74.064316,1200000,0,1200000
0,0,0,0,0,0,5,2,1,0,38,2,4.720724,-74.09001,1000000,0,1000000
1,1,1,0,1,5,10,2,2,1,90,5,4.651791,-74.05666,3000000,0,3000000
1,1,0,0,3,20,,1,1,1,49,6,4.6803646,-74.051384,2600000,0,2600000
1,0,0,0,1,0,5,2,1,0,64,4,6.2505755,-75.59067,1300000,0,1300000
0,0,0,0,,,,1,1,1,50,5,4.6808534,-74.05251,2400000,0,2400000
1,0,0,0,3,0,5,3,2,0,80,4,6.2230935,-75.58299,1400000,0,1400000
0,0,0,1,5,20,,3,1,1,54,3,,,938889,11111,950000
0,0,0,0,,20,,2,2,1,58,6,4.7149854,-74.04709,1446000,327000,1773000
0,0,0,0,,0,5,5,5,0,432,3,4.61533,-74.08067,8000000,0,8000000
0,1,0,1,1,0,5,1,1,2,54,6,6.1897454,-75.57496,2500001,999999,3500000
0,0,0,0,,20,,3,2,1,140,3,6.22839,-75.59542,1800000,0,1800000
1,0,0,0,2,10,20,1,2,1,49.73,4,4.6483173,-74.057884,1774000,226000,2000000
1,1,0,0,,10,20,2,2,1,159,6,4.6698556,-74.05027,4183000,817000,5000000
1,1,0,0,5,10,20,3,2,1,0,5,4.7055387,-74.063,2200000,0,2200000
1,0,0,0,1,5,10,1,2,1,62,5,4.6881695,-74.04377,2988889,11111,3000000
1,0,0,0,3,0,5,1,1,0,38,3,6.258951,-75.603386,820000,0,820000
0,0,0,0,,10,20,1,1,0,30,2,6.30796,-75.55225,600000,0,600000
0,1,0,0,2,0,5,2,2,0,80,6,4.68948,-74.03749,2850000,0,2850000
0,1,0,0,,20,,3,3,1,123,4,4.72602,-74.03375,1500000,500000,2000000
0,1,0,0,4,5,10,2,2,1,74,6,4.673255,-74.055084,3500000,500000,4000000
0,0,0,0,,10,20,3,1,0,67,3,6.2836,-75.59158,950000,0,950000
1,1,0,0,5,10,20,1,1,1,42,6,4.6801205,-74.04983,1900000,350000,2250000
1,0,1,0,,0,5,1,1,1,56,3,4.68518,-74.05544,1800000,400000,2200000
1,1,0,1,0,20,,3,2,1,100,6,6.199066,-75.5725,2600000,0,2600000
1,0,0,0,1,10,20,2,2,1,0,4,4.687133,-74.079315,1600000,0,1600000
0,0,0,0,,10,20,3,2,1,52.89,3,4.76788,-74.04824,984000,158000,1142000
1,1,0,0,2,20,,1,1,1,49,6,4.6613555,-74.05057,2000000,0,2000000
1,0,0,0,,10,20,1,1,1,0,5,4.6994977,-74.05606,1728000,0,1728000
0,0,0,0,,20,,2,1,1,53,3,4.71981,-74.05916,870000,230000,1100000
0,0,0,0,,10,20,5,5,1,0,3,4.6708813,-74.12267,4500000,0,4500000
0,0,0,0,0,0,5,2,1,0,50,2,4.5828586,-74.078865,950000,0,950000
0,0,0,0,,0,5,3,2,1,89,6,6.1781197,-75.567345,3100000,0,3100000
1,0,1,1,2,10,20,2,2,0,60,3,4.738356,-74.040306,600000,200000,800000
0,0,0,0,,10,20,2,1,0,23,3,4.75774,-74.09702,700000,0,700000
0,1,0,1,3,10,20,2,2,1,63,6,4.69416,-74.04149,1700000,400000,2100000
1,0,0,0,1,5,10,3,3,0,64,3,4.728708,-74.11489,1169000,81000,1250000
1,1,1,1,6,5,10,3,2,0,61,0,4.6372085,-74.06436,812700,87300,900000
1,1,0,0,3,5,10,3,3,2,157,6,4.696326,-74.045555,5200000,0,5200000
1,1,0,0,3,20,,3,2,1,110,5,4.690951,-74.03511,3200000,0,3200000
0,0,0,0,,10,20,3,4,2,150,6,4.6718245,-74.048965,4600000,1200000,5800000
1,0,0,0,2,20,,4,4,2,200,5,4.6850767,-74.052246,3152000,948000,4100000
1,1,0,0,,10,20,3,4,3,0,6,4.6703925,-74.0466,10360828,1139172,11500000
1,1,0,0,8,5,10,3,3,2,112,6,4.683507,-74.054665,4500000,0,4500000
1,1,0,0,10,0,5,3,2,2,98.77,4,4.72405,-74.06151,2400000,0,2400000
0,0,0,0,,0,5,3,1,1,140,3,6.29135,-75.57136,1200000,0,1200000
0,0,0,0,7,5,10,1,0,0,243,6,4.6562304,-74.04943,9800000,2100000,11900000
0,0,0,0,,0,5,4,2,1,105,3,6.25075,-75.57999,1600000,0,1600000
1,1,0,0,4,20,,3,4,2,150,6,4.6882997,-74.04972,2627000,823000,3450000
0,0,0,1,,10,20,3,4,3,0,6,4.67814,-74.046135,7400000,0,7400000
1,0,0,1,,10,20,3,2,1,0,3,4.7584167,-74.04504,1192000,311000,1503000
1,1,1,1,5,20,,2,3,2,180,5,4.6689277,-74.05267,4000000,1000000,5000000
0,1,0,0,3,0,5,1,2,1,65,6,4.678897,-74.05254,3200000,0,3200000
0,0,0,1,1,0,5,1,2,0,38,4,6.2493734,-75.58669,8000001,999999,9000000
1,1,0,1,3,10,20,3,3,2,193,6,4.659701,-74.05393,6156765,1171620,7328385
1,1,0,0,7,0,5,1,2,2,0,6,6.189239,-75.5758,2700000,0,2700000
0,0,0,0,,10,20,2,1,0,50,3,4.7590675,-74.09858,648000,76000,724000
1,1,0,0,7,5,10,1,1,0,0,5,6.1828513,-75.56355,2200000,0,2200000
1,1,0,0,2,20,,3,3,2,200,5,4.701487,-74.04838,1872000,1128000,3000000
1,0,0,0,,10,20,3,1,1,52,3,4.7439337,-74.03811,1220000,140000,1360000
1,0,0,0,,10,20,5,4,0,190,4,6.2133102,-75.57271,5000000,0,5000000
0,1,0,0,,20,,3,3,2,133,5,6.20344,-75.57402,2900000,0,2900000
1,1,1,0,2,20,,4,3,1,120,4,4.6390524,-74.06426,1800000,250000,2050000
0,1,0,0,,5,10,3,2,2,96,4,4.67792,-74.10232,1804000,348000,2152000
0,0,0,0,,20,,3,2,2,68,4,4.72961,-74.03519,834696,315304,1150000
1,1,1,0,4,0,5,1,2,1,42,5,4.71953,-74.04884,961190,264405,1225595
1,0,0,0,1,10,20,2,2,0,0,3,4.637792,-74.06913,980000,0,980000
0,1,0,0,,,,2,2,1,119.25,5,4.66449,-74.05452,1835400,1064600,2900000
1,1,0,0,2,10,20,2,2,1,0,4,4.6469965,-74.06861,900000,400000,1300000
1,1,0,1,5,10,20,3,3,1,146,5,4.7219963,-74.06406,2950000,550000,3500000
0,1,0,1,4,5,10,1,2,1,49,6,4.6969237,-74.04511,3000000,0,3000000
1,1,1,1,3,0,5,3,4,3,175,6,4.6768503,-74.04204,7250000,1250000,8500000
1,0,0,0,1,10,20,3,3,1,0,4,4.6492753,-74.053825,2236599,563401,2800000
0,0,0,0,,0,5,2,1,0,42,3,4.67813,-74.11369,1050000,0,1050000
1,1,0,0,,5,10,2,3,1,84,6,4.7062054,-74.04505,2294000,403000,2697000
1,0,0,0,2,10,20,2,1,1,43,3,4.6775327,-74.13232,920000,0,920000
0,1,0,0,,0,5,3,4,2,160,6,6.2167,-75.5566,5000000,0,5000000
0,0,0,0,0,10,20,2,3,1,0,5,4.696667,-74.03657,2150000,350000,2500000
0,1,0,0,,10,20,3,3,2,133,6,6.20344,-75.57402,2900000,0,2900000
1,0,1,0,,0,5,3,2,0,100,3,4.6511364,-74.06181,1740000,130000,1870000
0,1,0,1,1,0,5,1,1,0,25,6,6.219682,-75.56776,700001,999999,1700000
1,0,0,0,,0,5,3,3,2,0,4,4.7407327,-74.082825,2930000,400000,3330000
1,1,0,0,2,10,20,1,1,1,42.47,4,4.6368175,-74.06132,1450000,0,1450000
1,1,0,1,3,20,,3,2,1,67,4,4.726691,-74.058846,1500000,0,1500000
1,0,0,0,1,5,10,5,4,1,150,4,6.2416387,-75.57903,3000000,0,3000000
0,0,0,0,,5,10,3,1,1,50,3,6.28307,-75.60685,950000,0,950000
0,0,0,0,,10,20,3,1,1,70,3,4.5782037,-74.11112,1500000,0,1500000
0,0,0,0,,20,,5,3,0,240,6,4.69717,-74.03908,6000000,0,6000000
1,1,0,1,6,5,10,2,2,2,82,5,4.702496,-74.03121,2090000,460000,2550000
0,0,0,0,,20,,3,3,2,270,5,4.71254,-74.07472,4000000,0,4000000
1,1,0,1,0,10,20,3,4,2,215,6,6.202574,-75.5545,6200000,0,6200000
0,1,0,0,,10,20,3,2,2,90,6,6.21846,-75.57117,1900000,0,1900000
1,1,0,1,0,20,,2,2,1,95,6,6.1867085,-75.56053,2500000,0,2500000
1,1,0,0,8,5,10,3,3,2,0,6,4.6805415,-74.05051,4900000,0,4900000
1,1,0,1,6,0,5,3,2,1,0,4,4.6342096,-74.09797,1143397,556603,1700000
1,1,0,0,1,10,20,3,3,3,187,6,6.202262,-75.57016,7000000,0,7000000
1,0,0,0,9,0,5,1,2,1,0,6,4.6893992,-74.04925,2918000,282000,3200000
0,0,0,0,,10,20,1,2,1,84,6,6.2068996,-75.57525,2600000,0,2600000
0,1,0,1,12,0,5,3,1,0,45,2,4.584185,-74.07942,780000,0,780000
1,1,0,0,6,5,10,1,1,1,0,4,4.7197127,-74.03202,1600000,0,1600000
1,1,0,0,2,5,10,3,2,1,61,4,4.718428,-74.033875,1500000,0,1500000
1,1,0,0,18,5,10,1,1,0,37.86,4,4.6164703,-74.07105,1640000,260000,1900000
1,1,1,1,2,20,,2,2,2,88,6,4.670434,-74.045845,3600000,600000,4200000
1,1,0,0,9,5,10,3,2,1,78,4,4.6678705,-74.11512,2100000,0,2100000
0,0,0,0,,20,,2,2,0,100,3,6.255,-75.60843,1200000,0,1200000
1,0,0,0,4,10,20,3,2,1,95,4,4.736363,-74.03555,1800000,0,1800000
1,0,1,1,3,20,,1,1,0,36,3,4.6633754,-74.07725,1100000,0,1100000
0,0,0,0,,20,,2,2,1,52,3,4.75843,-74.03621,1000000,0,1000000
0,1,0,1,1,0,5,1,0,0,28,5,6.2447433,-75.58933,100001,999999,1100000
1,0,1,0,,0,5,3,2,1,84,3,4.6961308,-74.08166,1212000,288000,1500000
1,1,0,0,2,20,,3,3,2,200,5,4.701418,-74.04929,1872000,1128000,3000000
1,1,0,1,4,0,5,2,1,0,45,3,4.595903,-74.160324,750000,0,750000
1,0,0,0,,5,10,2,3,2,85,4,4.667885,-74.08358,1380000,210000,1590000
0,1,0,0,,20,,3,2,1,84,4,4.74902,-74.05437,790000,255000,1045000
1,1,0,1,4,10,20,1,1,1,67,0,4.6632667,-74.04898,1100000,700000,1800000
1,0,0,0,,10,20,3,1,1,90,0,6.2803454,-75.55521,1400000,0,1400000
1,0,0,0,4,10,20,2,1,0,65,3,4.651878,-74.0694,1300000,0,1300000
0,0,0,0,5,10,20,3,2,0,50,3,4.730648,-74.028725,766000,167000,933000
0,1,0,1,3,5,10,2,2,1,88,6,4.7072535,-74.04008,1400000,500000,1900000
0,1,0,0,2,0,5,2,2,0,41,4,4.65663,-74.12546,843000,157000,1000000
0,0,0,0,,20,,2,1,1,46,4,4.72393,-74.06731,1100000,0,1100000
1,0,0,0,1,,,2,2,1,90,3,4.5996633,-74.10681,950000,0,950000
0,1,0,0,6,20,,2,3,1,70,6,4.6644588,-74.04863,2000000,700000,2700000
1,1,0,1,,5,10,1,2,1,0,6,4.68054,-74.05367,2385000,615000,3000000
0,0,0,0,4,20,,1,1,0,38,4,4.6382933,-74.06376,1000000,0,1000000
0,0,0,0,,10,20,2,2,1,72,6,4.6838536,-74.05369,2110000,345000,2455000
1,1,0,0,3,10,20,3,2,1,75.4,4,4.7444797,-74.0339,1450000,0,1450000
1,0,0,0,1,10,20,3,2,0,53,3,4.6380367,-74.0749,1320000,0,1320000
1,0,0,1,5,10,20,3,2,2,60,2,4.7503467,-74.05091,1100000,0,1100000
1,1,0,0,5,5,10,3,3,2,110,5,4.6944585,-74.06699,2700000,0,2700000
0,0,0,0,0,0,5,3,2,0,49,3,4.681162,-74.14592,900000,0,900000
0,0,0,0,0,10,20,1,1,0,38,4,4.63063,-74.07326,1350000,0,1350000
1,0,0,1,4,10,20,2,3,2,105,5,4.6639156,-74.050865,3091000,809000,3900000
0,0,0,0,,0,5,1,1,0,38,4,6.25682,-75.6021,900000,0,900000
0,1,0,0,4,10,20,3,2,2,150,6,4.70238,-74.04824,4000000,0,4000000
0,1,0,0,,20,,1,2,1,40,4,4.72355,-74.03845,1500000,0,1500000
1,1,0,1,2,20,,1,1,1,40,4,4.720579,-74.03488,1222000,189000,1411000
0,0,0,1,1,0,5,1,1,0,43,4,6.2424407,-75.5678,-49999,999999,950000
0,1,0,0,,10,20,2,1,1,0,5,6.222165,-75.56697,1800000,0,1800000
0,1,0,0,1,20,,4,4,0,170,6,6.1860795,-75.57072,3300000,0,3300000
1,1,0,0,,10,20,4,2,0,132,3,4.604249,-74.06751,1416000,384000,1800000
1,1,0,0,1,,,3,2,1,20,4,4.665675,-74.133896,1500000,0,1500000
0,0,0,1,1,0,5,1,0,0,35,4,6.2459273,-75.61264,-279999,999999,720000
1,0,0,0,3,10,20,3,3,1,106,4,4.670007,-74.10802,1500000,0,1500000
1,0,1,0,,0,5,2,2,1,60,5,4.7042885,-74.05612,1000000,400000,1400000
0,0,0,0,,0,5,2,1,0,55,3,6.25101,-75.61197,850000,0,850000
0,1,0,0,,0,5,2,2,1,0,3,4.6041226,-74.07142,1700000,300000,2000000
0,0,0,0,,5,10,2,1,0,40,2,6.2723,-75.60148,700000,0,700000
0,0,0,0,,5,10,3,2,0,46,2,4.57176,-74.078,700000,0,700000
0,1,0,0,2,5,10,3,2,1,77,4,4.66301,-74.13425,1550000,250000,1800000
1,0,1,0,,0,5,1,1,1,33,3,4.706379,-74.04161,930000,260000,1190000
1,1,0,0,2,10,20,2,2,2,95,6,4.699574,-74.03473,936000,914000,1850000
0,0,1,0,14,0,5,3,2,1,64,6,6.216792,-75.561455,3000000,0,3000000
1,1,0,0,1,10,20,2,2,1,155,2,6.2945666,-75.54847,4500000,0,4500000
1,1,0,0,1,10,20,4,3,1,139,5,6.192869,-75.566986,2900000,0,2900000
0,0,0,0,2,5,10,1,1,1,32,3,4.6401014,-74.06408,1300000,0,1300000
1,1,0,0,12,0,5,3,3,1,116,6,6.21454,-75.56635,3000000,0,3000000
1,1,0,1,0,0,5,3,2,1,70,6,6.2191563,-75.563545,2600000,0,2600000
0,0,0,0,,0,5,1,2,1,51.49,5,4.64717,-74.10243,1762000,238000,2000000
1,1,0,0,2,20,,3,3,2,200,5,4.7011075,-74.04779,4200000,0,4200000
1,1,0,0,1,,,2,3,2,123,6,4.660325,-74.048775,3320000,880000,4200000
0,0,0,0,,5,10,3,1,0,55,3,6.27855,-75.62267,700000,0,700000
0,1,0,0,4,10,20,2,1,1,72,5,4.6941557,-74.06455,1430000,370000,1800000
0,0,0,0,,20,,1,2,0,162,4,4.64884,-74.05713,13000000,0,13000000
1,0,0,0,4,5,10,3,1,0,45,3,4.758198,-74.1053,800000,0,800000
0,1,0,1,25,0,5,5,5,2,230,5,6.2166986,-75.556595,6000000,0,6000000
0,1,0,0,,10,20,3,2,1,61.57,4,4.65161,-74.13236,1327200,192800,1520000
0,0,0,0,3,0,5,2,2,1,111,3,4.716306,-74.115524,1400000,0,1400000
1,1,1,1,9,0,5,1,2,2,75,6,4.679468,-74.05235,3700000,500000,4200000
0,0,0,0,3,0,5,5,2,0,130,4,6.2005906,-75.58968,1300000,0,1300000
1,1,0,1,0,20,,3,3,2,146,6,6.2017255,-75.57434,3900000,0,3900000
0,0,0,0,,20,,3,2,1,65,3,4.59269,-74.07718,1600000,0,1600000
1,0,0,1,4,20,,1,1,1,48,4,4.7225366,-74.036674,780000,220000,1000000
1,1,0,1,2,10,20,3,3,1,88,5,4.706538,-74.06573,1205000,395000,1600000
1,1,0,0,6,10,20,3,2,1,80,4,4.7241106,-74.02681,1600000,200000,1800000
0,0,0,1,1,20,,3,3,0,115,5,6.2560806,-75.55157,1750000,0,1750000
0,1,0,0,,,,3,2,1,93,4,4.65747,-74.10988,1637000,363000,2000000
1,1,0,0,,10,20,1,1,1,0,4,4.659026,-74.056435,966000,234000,1200000
1,0,0,0,,10,20,1,1,1,0,6,4.688605,-74.053276,1729327,0,1729327
0,0,0,0,,10,20,3,4,1,138,5,4.6712055,-74.05631,4220000,640000,4860000
0,0,0,0,2,0,5,3,4,2,250,6,4.6621614,-74.05271,7500000,0,7500000
1,1,0,1,,10,20,1,2,1,71,6,4.6811266,-74.14005,1510000,440000,1950000
0,1,0,0,3,5,10,2,2,4,207,5,4.670205,-74.0566,335339,264661,600000
0,0,0,0,4,0,5,2,1,0,43,0,4.6830926,-74.1558,588000,106000,694000
1,0,0,0,,0,5,2,1,0,56,3,4.607068,-74.11726,600000,100000,700000
0,0,0,0,,5,10,2,1,0,60,3,4.50314,-74.11629,500000,0,500000
1,1,0,1,4,0,5,1,2,1,50,5,4.7187915,-74.049324,1738889,11111,1750000
0,0,0,0,,20,,4,2,1,150,3,4.64228,-74.09071,3200000,0,3200000
0,0,1,0,4,10,20,3,2,1,60,2,4.7129517,-74.12775,1200000,0,1200000
0,0,0,0,1,0,5,3,2,2,73,3,4.6572413,-74.1286,1198588,227000,1425588
1,1,1,1,15,0,5,3,2,2,78,4,4.6947417,-74.08276,1200000,400000,1600000
1,1,1,1,3,0,5,2,2,2,112,6,4.6787915,-74.04193,3634000,966000,4600000
0,0,0,0,0,10,20,2,1,0,41,3,4.7119193,-74.114944,655400,72300,727700
0,1,0,1,1,0,5,1,1,0,45,3,6.2297893,-75.60745,-49999,999999,950000
1,1,0,0,8,20,,3,3,2,171.66,6,4.6615677,-74.05495,5256000,872000,6128000
0,0,0,0,,20,,3,3,2,220,5,4.7167196,-74.037315,6100000,900000,7000000
1,0,0,0,,10,20,1,1,0,0,5,4.6591697,-74.05758,3000000,0,3000000
0,0,0,0,,20,,1,1,0,30,3,4.75094,-74.054,800000,0,800000
1,0,0,0,2,20,,4,2,0,86,3,,,1200000,0,1200000
0,1,1,0,5,10,20,2,3,2,73,6,4.68371,-74.05387,2157000,693000,2850000
1,0,0,0,,10,20,1,1,0,63,5,4.69864,-74.04236,4000000,0,4000000
1,1,0,0,5,10,20,4,3,1,0,5,4.6943226,-74.06075,1059000,371000,1430000
1,0,1,1,1,0,5,2,1,0,42,2,4.75214,-74.027016,600000,200000,800000
1,1,0,0,6,0,5,1,2,2,80,6,4.7058,-74.038826,2956000,544000,3500000
1,0,0,0,3,10,20,4,2,0,70,3,4.646254,-74.1392,1300000,0,1300000
0,1,0,0,4,10,20,3,2,1,103,5,6.205807,-75.57327,2600000,0,2600000
0,0,0,0,,20,,3,2,1,60,4,4.65305,-74.10131,1600000,0,1600000
1,1,0,1,7,10,20,3,3,2,110,4,4.7301226,-74.04975,2700000,0,2700000
0,0,0,0,8,10,20,4,5,2,260,5,6.234473,-75.59825,4500000,0,4500000
0,1,0,0,,,,2,3,1,120,6,4.65468,-74.05028,1699542,898740,2598282
0,0,0,0,1,10,20,3,3,2,0,6,4.6776376,-74.054665,1962000,1038000,3000000
1,1,0,1,2,0,5,3,2,1,90,3,6.2566023,-75.57922,2300000,0,2300000
1,0,0,0,6,0,5,2,3,2,0,6,4.675733,-74.05445,3500000,0,3500000
0,1,0,0,,0,5,2,2,1,60,4,6.27016,-75.6055,1150000,0,1150000
0,0,0,0,,0,5,2,2,1,66,5,4.72964,-74.07187,2100000,0,2100000
0,1,0,0,,0,5,3,2,1,71,3,4.74259,-74.01568,1800000,0,1800000
0,1,0,0,,5,10,2,2,1,66,5,6.24218,-75.58242,1800000,0,1800000
1,1,0,1,6,10,20,3,2,1,80,4,4.7239714,-74.025734,1788889,11111,1800000
0,0,0,0,4,10,20,2,4,2,140,6,4.675557,-74.04144,2929000,1271000,4200000
1,0,0,0,4,20,,2,2,1,55,3,4.671355,-74.12472,1200000,0,1200000
0,1,0,0,3,10,20,3,3,3,243,5,4.6886353,-74.054695,2500000,1500000,4000000
0,0,0,0,,10,20,2,1,0,41,3,4.73821,-74.10262,722000,114000,836000
1,1,0,0,3,10,20,3,4,3,224,6,4.6748276,-74.04577,4180000,1360000,5540000
1,1,0,0,7,0,5,2,2,1,54.9,4,4.6572013,-74.06216,2150000,350000,2500000
0,0,0,0,,10,20,4,4,0,430,3,4.75145,-74.07367,2000000,0,2000000
0,1,0,0,,10,20,3,3,2,0,5,4.7009125,-74.047585,5000000,0,5000000
1,1,0,0,5,20,,1,1,0,32.8,4,4.63921,-74.06435,1000000,0,1000000
1,1,1,1,6,5,10,2,3,2,160,6,4.655976,-74.05377,4500000,1500000,6000000
0,1,0,1,1,0,5,3,2,1,67,0,6.2163925,-75.603165,700001,999999,1700000
0,1,0,0,1,20,,3,2,0,70,3,6.2022047,-75.5626,2000000,0,2000000
0,0,0,0,,10,20,3,3,2,120,5,4.6994,-74.06012,2200000,0,2200000
1,1,0,0,1,10,20,4,4,2,200,6,4.7067714,-74.03903,4296000,604000,4900000
0,1,0,0,6,20,,3,3,1,93,6,4.662185,-74.04681,3300000,0,3300000
0,1,0,1,1,20,,2,1,0,50,4,6.225493,-75.56221,1300000,0,1300000
1,0,0,1,3,0,5,1,1,0,24,3,4.6755414,-74.08276,800000,0,800000
0,0,0,0,,20,,3,2,1,60,4,4.7370553,-74.055954,1019200,165400,1184600
1,1,0,0,7,0,5,1,1,1,31.07,3,4.645607,-74.06645,1550000,0,1550000
0,0,0,0,,0,5,3,1,0,70,3,6.30309,-75.56657,950000,0,950000
0,1,0,1,1,0,5,2,2,1,72,6,6.215077,-75.56616,1100001,999999,2100000
1,1,0,0,10,,,4,4,3,300,6,4.709126,-74.04376,11495000,0,11495000
0,0,0,0,1,0,5,,0,0,32,,6.1881447,-75.576355,2080000,0,2080000
1,0,0,1,5,10,20,3,2,1,0,4,4.652244,-74.10246,1149000,271000,1420000
0,1,0,0,,0,5,3,2,1,73,4,6.26214,-75.59763,1500000,0,1500000
1,0,0,1,,10,20,2,2,1,0,5,4.6431437,-74.05778,3000000,0,3000000
0,0,0,0,,5,10,5,5,1,125,5,6.23795,-75.59685,3750000,0,3750000
0,0,0,1,3,10,20,3,3,4,500,6,4.7755218,-74.027504,10700000,1300000,12000000
1,1,0,0,9,5,10,3,3,2,170,5,4.7074413,-74.044945,4788889,11111,4800000
0,0,0,0,1,10,20,1,2,1,60,6,6.2117343,-75.56539,1600000,0,1600000
1,1,0,1,3,0,5,1,1,1,47,5,4.707995,-74.04895,1505000,345000,1850000
1,1,0,1,3,10,20,1,1,1,30,5,6.2476377,-75.56582,1200000,0,1200000
1,0,0,0,4,10,20,3,2,1,59,3,4.678989,-74.08187,898000,302000,1200000
1,1,0,0,4,10,20,2,2,2,89,6,4.695174,-74.05487,2450000,350000,2800000
0,0,0,0,,5,10,2,1,0,42,3,6.27845,-75.59837,800000,0,800000
0,1,0,0,,20,,3,2,1,68,4,4.64453,-74.10375,1800000,0,1800000
1,1,0,1,4,10,20,3,2,1,0,5,4.7201695,-74.046555,4250000,0,4250000
1,0,0,0,60,5,10,2,1,0,60,5,6.2339253,-75.59287,1250000,0,1250000
1,0,0,0,,10,20,3,2,1,0,4,4.7409534,-74.059555,1950000,0,1950000
1,1,0,0,4,20,,2,3,1,88,4,4.6203275,-74.06731,2000000,0,2000000
0,0,0,0,,10,20,4,3,0,85,3,4.68942,-74.08216,1139500,230500,1370000
0,0,0,0,,0,5,3,2,1,98,5,6.26263,-75.58624,2400000,0,2400000
1,0,0,0,15,5,10,3,3,2,0,4,4.7260194,-74.03601,2850000,450000,3300000
0,1,0,1,1,0,5,3,2,1,120,6,6.205824,-75.57065,1800001,999999,2800000
0,1,0,1,1,0,5,2,2,1,78,6,6.2147636,-75.55411,2000001,999999,3000000
1,1,0,0,2,5,10,2,3,2,77,5,4.72145,-74.04923,1490000,360000,1850000
0,0,0,0,0,0,5,2,1,0,37,3,4.5927463,-74.10751,900000,0,900000
0,0,0,0,,10,20,3,2,0,145,4,6.2314215,-75.59422,1500000,0,1500000
1,1,0,1,1,5,10,4,5,3,532,6,6.206065,-75.56471,8400000,0,8400000
1,1,1,1,6,0,5,3,5,3,260,6,4.6915674,-74.05012,8400000,1100000,9500000
1,0,1,0,,0,5,2,3,2,93,5,4.6881638,-74.0433,2300000,600000,2900000
0,0,0,1,1,0,5,4,2,1,180,5,6.236205,-75.59034,2200001,999999,3200000
1,1,0,0,13,10,20,3,2,1,96,4,4.7296033,-74.037674,1600000,300000,1900000
1,0,0,0,1,10,20,2,2,2,0,6,4.688191,-74.04186,1620000,330000,1950000
0,0,0,0,,10,20,1,1,1,60,6,4.69012,-74.04418,1100000,300000,1400000
0,1,0,0,,20,,3,2,2,110,6,6.21183,-75.56704,2700000,0,2700000
0,0,0,1,,10,20,3,2,1,78,4,4.732412,-74.05416,992000,258000,1250000
1,1,0,1,,10,20,1,1,1,40,4,4.687456,-74.04161,911600,294200,1205800
1,1,0,1,0,0,5,3,2,2,78,6,6.22208,-75.5632,2700000,0,2700000
1,1,0,1,4,5,10,1,1,1,41,5,4.695772,-74.05737,1600000,250000,1850000
0,0,0,0,1,10,20,3,2,2,88,5,4.7261944,-74.06585,1113000,387000,1500000
1,1,0,1,6,0,5,1,1,0,40,0,4.709982,-74.07149,884000,158000,1042000
1,1,0,0,2,10,20,4,3,1,0,6,4.6831517,-74.04423,1935000,465000,2400000
1,0,0,0,1,0,5,4,3,0,140,5,6.2369566,-75.588394,2300000,0,2300000
1,0,0,1,,0,5,3,3,2,0,4,4.758052,-74.0505,2067677,0,2067677
1,1,0,1,8,0,5,2,2,1,85,4,4.730918,-74.035835,1650000,200000,1850000
0,0,0,0,11,0,5,3,3,2,94,6,6.2255645,-75.56313,3000000,0,3000000
1,1,0,0,17,0,5,2,1,0,46,3,4.6767383,-74.163445,800000,0,800000
1,1,0,0,3,10,20,3,3,2,0,6,4.683135,-74.04511,1600000,650000,2250000
0,0,0,0,0,10,20,3,1,0,60,3,4.7359123,-74.029076,968000,0,968000
1,0,1,0,,0,5,3,2,2,110,5,4.6864753,-74.04425,1504000,748000,2252000
0,1,0,0,,0,5,3,2,2,103,4,4.72358,-74.03163,1592000,404000,1996000
1,1,0,0,4,10,20,3,3,1,0,6,6.194598,-75.565186,2300000,0,2300000
0,1,0,1,2,20,,3,3,2,93,6,4.655679,-74.049866,2999999,0,2999999
0,0,0,0,1,10,20,2,3,0,123,6,6.2092314,-75.5596,4500000,0,4500000
1,1,0,0,4,5,10,1,1,1,0,5,4.723154,-74.047264,899000,250500,1149500
1,0,1,0,2,10,20,3,1,0,100,3,4.5818033,-74.117805,950000,0,950000
1,1,0,1,,10,20,3,3,1,0,6,4.684629,-74.04654,1238900,481100,1720000
1,1,0,0,4,10,20,3,2,2,103,5,4.693016,-74.04432,1332000,618000,1950000
0,0,0,0,,10,20,3,4,2,515,6,6.199659,-75.55403,9000000,0,9000000
1,0,0,1,,10,20,2,2,1,0,5,4.7048674,-74.03286,2400000,0,2400000
0,0,0,0,,0,5,2,1,0,57,3,4.59828,-74.11634,900000,0,900000
1,1,1,1,3,10,20,3,4,2,140,5,4.7091527,-74.03263,2500000,600000,3100000
1,0,0,1,3,0,5,1,1,0,28,3,4.6755414,-74.08276,850000,0,850000
0,1,0,0,1,0,5,2,2,0,58,4,6.2611556,-75.6049,1400000,0,1400000
0,1,0,1,6,5,10,3,3,2,115,5,6.2375326,-75.60565,3100000,0,3100000
1,1,0,0,6,20,,3,2,1,84,4,4.7314816,-74.05386,1730000,0,1730000
0,0,0,0,,10,20,2,2,2,104,6,4.6776953,-74.04416,4700000,0,4700000
1,0,1,0,1,10,20,3,1,0,65,2,6.2014647,-75.589714,950000,0,950000
1,0,0,0,,20,,4,4,4,376,4,4.738871,-74.07995,17990000,10000,18000000
1,1,0,0,10,5,10,1,1,0,35,3,6.2570024,-75.56129,700000,0,700000
0,0,0,0,,0,5,3,4,3,400,5,4.705864,-74.06028,4000000,0,4000000
0,0,0,0,,,,3,2,2,300,6,6.19254,-75.56626,4800000,0,4800000
1,1,0,0,5,5,10,1,2,1,50,5,4.6971407,-74.042786,1440000,330000,1770000
1,1,0,1,3,10,20,1,1,1,55,5,4.700052,-74.05296,1550000,0,1550000
1,0,1,0,,20,,5,2,1,490,4,6.261108,-75.562546,6500000,0,6500000
0,0,0,0,1,10,20,1,2,1,108,6,6.206594,-75.55146,3000000,0,3000000
1,1,0,1,5,5,10,2,2,1,63,4,4.6385174,-74.06426,2090000,10000,2100000
1,1,1,0,10,10,20,3,4,1,190,5,6.2406154,-75.59134,4500000,0,4500000
1,0,0,0,,0,5,5,3,2,400,5,6.245226,-75.60327,5500000,0,5500000
1,1,0,0,15,10,20,3,2,1,77,4,4.6439753,-74.10684,2100000,0,2100000
0,0,0,0,,0,5,1,2,0,57,5,6.25272,-75.58806,1350000,0,1350000
0,1,0,0,,10,20,3,2,1,63,4,6.20347,-75.60537,1150000,0,1150000
1,1,0,0,11,10,20,3,4,1,190,5,6.239903,-75.59626,5000000,0,5000000
1,1,0,1,3,10,20,3,3,2,0,6,4.662594,-74.04724,2817000,1013000,3830000
0,0,0,0,,0,5,2,1,0,70,3,6.22561,-75.59511,950000,0,950000
0,0,0,0,,20,,2,1,0,80,5,4.70358,-74.03079,1000000,0,1000000
0,0,0,0,,5,10,4,3,1,245,4,6.27377,-75.57931,2800000,0,2800000
1,0,0,0,3,5,10,2,1,0,51,3,4.682169,-74.103096,800000,0,800000
1,1,1,1,10,0,5,2,2,2,74.81,4,4.7253575,-74.03032,1786500,313500,2100000
0,0,0,0,1,5,10,2,4,2,191,6,6.1803064,-75.56299,6700000,0,6700000
1,1,0,1,,0,5,1,1,1,33,4,4.6093106,-74.0698,896000,202000,1098000
0,1,0,0,1,10,20,3,3,3,182,6,4.651817,-74.05303,6260000,970000,7230000
1,0,1,0,,10,20,3,1,0,39,2,4.4732437,-74.12843,470000,100000,570000
1,0,0,0,2,5,10,1,2,1,0,5,6.237453,-75.60704,2300000,0,2300000
1,1,0,1,4,10,20,3,4,3,210,6,4.688058,-74.05461,5073000,927000,6000000
1,1,0,0,6,20,,2,2,2,66,4,4.727036,-74.04937,1367000,333000,1700000
1,0,0,0,,10,20,3,3,1,148,6,4.7055783,-74.04216,3020000,980000,4000000
1,1,0,0,,10,20,2,2,1,0,5,4.6968546,-74.04061,1566000,534000,2100000
1,0,0,0,,5,10,3,0,0,0,3,4.7140703,-74.05557,1500000,0,1500000
1,1,1,1,10,10,20,3,4,2,155,5,4.6884985,-74.0376,4800000,700000,5500000
1,1,0,0,2,0,5,3,3,2,119,4,4.7255006,-74.03318,4800000,0,4800000
0,0,0,0,,20,,2,1,1,80,5,4.70914,-74.10271,1000000,0,1000000
1,1,0,1,6,10,20,3,2,1,0,4,4.7398868,-74.05975,1044000,156000,1200000
0,1,0,0,,10,20,2,2,1,78,4,4.67019,-74.12604,1550000,0,1550000
0,0,0,1,8,10,20,3,3,2,184,6,4.6667852,-74.04995,4811000,889000,5700000
0,0,0,0,,,,3,4,2,300,6,4.72984,-74.0727,4470000,530000,5000000
0,0,0,0,,10,20,3,3,1,30,3,4.7543893,-74.06028,1800000,0,1800000
1,1,0,1,,10,20,2,2,1,69,6,4.6982465,-74.032745,2201000,599000,2800000
0,1,0,0,,5,10,3,3,2,180,6,4.69416,-74.03249,5000000,500000,5500000
1,0,0,0,3,10,20,4,2,1,90,4,4.632648,-74.087814,1520000,0,1520000
1,1,0,0,6,0,5,1,2,2,80,6,4.706018,-74.04106,2956000,544000,3500000
1,0,0,0,,10,20,5,5,0,280,4,4.678284,-74.059,12000000,0,12000000
1,1,0,0,5,20,,2,3,1,106,6,4.69692,-74.04253,1146000,604000,1750000
1,1,0,0,4,10,20,1,1,1,0,6,4.6895456,-74.049385,900000,400000,1300000
1,1,0,1,7,0,5,3,2,1,70,4,4.6188073,-74.084274,1480000,260000,1740000
0,0,0,0,5,10,20,3,4,2,180,6,4.6617336,-74.04843,7000000,0,7000000
1,1,1,1,2,5,10,3,2,1,89,4,4.74416,-74.03339,1230000,270000,1500000
1,0,0,0,4,10,20,3,2,1,0,3,6.2388988,-75.549255,1300000,0,1300000
1,1,0,0,8,0,5,2,1,0,38,3,4.667833,-74.08016,890000,0,890000
1,1,1,1,3,10,20,3,3,2,197,5,4.6985946,-74.04674,3600000,900000,4500000
1,0,0,0,2,,,3,4,2,150,4,4.73425,-74.04591,3000000,0,3000000
0,0,0,0,,20,,3,4,2,200,6,6.19271,-75.56688,4800000,0,4800000
1,0,0,0,1,0,5,5,4,1,240,5,6.24416,-75.60478,3200000,0,3200000
0,1,0,0,,10,20,2,2,0,48,3,4.74458,-74.08807,950000,0,950000
1,0,0,1,,10,20,4,4,2,0,5,4.6962805,-74.05593,5300000,0,5300000
0,0,0,0,,0,5,1,1,1,42.49,4,4.7327156,-74.0665,1284000,166000,1450000
0,1,0,1,1,0,5,3,3,1,85,5,6.2189064,-75.568214,2000001,999999,3000000
1,1,0,1,13,0,5,2,2,1,65,3,4.605918,-74.06987,1396642,201679,1598321
1,1,0,1,2,10,20,2,2,2,135,6,4.6554956,-74.0513,5122000,878000,6000000
1,0,0,1,11,0,5,1,2,1,42,3,4.608663,-74.067955,1155000,245000,1400000
0,1,0,1,1,0,5,2,3,2,147,6,6.192857,-75.56976,2520001,999999,3520000
0,1,0,1,3,0,5,2,1,0,49,3,4.5919523,-74.159515,800000,0,800000
1,0,0,0,,10,20,4,2,2,0,3,4.623317,-74.13677,4000000,0,4000000
0,0,0,0,,10,20,1,1,1,41,5,4.642,-74.06159,900000,300000,1200000
0,0,0,1,1,0,5,2,2,0,63,5,6.248938,-75.604164,500001,999999,1500000
1,0,1,0,4,10,20,1,1,0,35,3,4.7300363,-74.02712,704000,98000,802000
1,0,0,0,2,20,,2,1,1,44,4,4.722719,-74.028595,856000,247000,1103000
1,0,0,0,1,5,10,2,2,0,68,4,6.2533407,-75.58718,1150000,0,1150000
1,1,1,1,4,10,20,3,4,1,120,6,4.674893,-74.0442,2614000,886000,3500000
0,0,0,0,,10,20,4,2,0,80,3,4.75778,-74.03232,1000000,0,1000000
0,1,0,0,,5,10,1,1,1,55,4,4.63842,-74.06102,1700000,0,1700000
1,1,0,0,6,5,10,2,2,1,74,4,4.727586,-74.04043,1850000,0,1850000
1,1,0,1,7,0,5,1,2,1,69,4,4.650056,-74.05903,1950000,450000,2400000
0,0,0,0,,10,20,3,2,1,62,3,4.75295,-74.08206,815000,165000,980000
1,1,0,0,9,5,10,3,3,2,95,4,4.743651,-74.03339,1200000,300000,1500000
1,0,0,0,3,10,20,3,1,1,100,3,4.5763626,-74.10618,1000000,0,1000000
1,0,0,1,,10,20,2,2,1,0,4,4.7183375,-74.03073,1669940,0,1669940
1,1,0,1,6,10,20,2,3,2,0,5,4.703348,-74.04926,1836000,582000,2418000
0,0,0,0,,10,20,4,5,0,630,6,4.6894674,-74.02898,16620000,380000,17000000
1,1,0,0,17,0,5,2,2,1,78,5,6.2173367,-75.55557,3000000,0,3000000
0,1,0,1,1,0,5,2,0,1,58,5,6.2013254,-75.575424,500001,999999,1500000
1,1,0,0,2,10,20,2,2,2,70,5,4.703242,-74.05334,1501000,449000,1950000
1,0,0,0,,10,20,1,5,0,0,5,4.67994,-74.0623,9800000,0,9800000
0,0,0,0,,10,20,3,2,0,100,3,6.31105,-75.56811,900000,0,900000
0,1,0,0,3,10,20,3,3,4,0,6,4.6782174,-74.043724,5160600,2169700,7330300
1,1,0,0,16,5,10,3,2,1,88,4,4.644043,-74.10656,2100000,0,2100000
1,1,0,0,2,10,20,1,2,1,0,6,4.676586,-74.055115,1800000,350000,2150000
0,0,0,0,1,5,10,3,2,0,60,3,4.577011,-74.11825,1032000,168000,1200000
1,1,0,0,,10,20,3,3,2,0,6,4.6939435,-74.052574,4000000,0,4000000
0,0,0,1,1,0,5,3,3,1,90,5,6.1820917,-75.574326,700001,999999,1700000
1,1,0,0,6,5,10,2,2,1,59,4,4.641681,-74.06168,2093000,307000,2400000
0,1,0,0,4,5,10,1,1,1,30,5,4.696554,-74.06587,917000,183000,1100000
0,1,0,1,1,0,5,1,1,1,45,6,6.21612,-75.570656,1860001,999999,2860000
0,0,0,0,,0,5,3,1,0,55,3,6.24764,-75.56582,730000,0,730000
1,1,1,1,4,10,20,3,1,1,85,6,4.6572723,-74.04809,1100000,1000000,2100000
1,1,0,0,5,20,,1,1,1,50,6,4.664522,-74.04597,1800000,0,1800000
1,1,0,1,3,5,10,2,3,2,124,6,4.6783376,-74.04219,5800000,0,5800000
1,1,1,1,9,10,20,3,3,2,170,5,4.709263,-74.04497,4000000,400000,4400000
1,1,0,0,3,0,5,1,2,1,40,5,6.236302,-75.594315,1500000,0,1500000
0,0,0,0,7,10,20,3,5,4,225,6,4.674954,-74.05727,10500000,1500000,12000000
1,1,0,0,1,0,5,1,2,1,44,6,4.684347,-74.055305,2300000,0,2300000
1,0,1,1,3,10,20,2,2,1,80,5,4.7154064,-74.03764,900000,300000,1200000
1,1,1,1,3,10,20,1,1,0,38,4,4.629559,-74.065544,1400000,0,1400000
0,1,0,0,2,20,,2,2,1,111,6,4.693396,-74.03828,3500000,0,3500000
0,1,0,0,,0,5,1,1,0,32,4,4.66792,-74.05526,1400000,0,1400000
1,0,0,0,4,10,20,2,3,1,90,6,4.6871567,-74.055214,4500000,0,4500000
1,0,1,0,,0,5,3,1,1,57,2,4.6359963,-74.14939,700000,100000,800000
0,1,0,0,,10,20,2,1,1,59,6,4.698845,-74.04278,1216097,233903,1450000
1,1,0,1,,10,20,3,3,1,75,4,4.6430144,-74.08574,1332000,268000,1600000
1,0,0,0,1,0,5,5,3,2,130,4,6.234736,-75.600815,2700000,0,2700000
1,1,0,0,4,0,5,2,2,2,95,6,4.687852,-74.04766,3700000,0,3700000
0,0,0,0,,,,2,2,0,71,3,4.61295,-74.15907,900000,0,900000
1,1,1,1,4,20,,3,3,2,172,6,4.699459,-74.03887,3040000,760000,3800000
0,1,0,0,5,10,20,4,2,2,150,5,29.118649,-110.999466,2380000,0,2380000
1,1,0,1,,10,20,2,1,1,53,5,4.7044,-74.05998,734000,286000,1020000
0,1,0,1,1,0,5,3,2,1,75,4,6.224209,-75.56503,1000001,999999,2000000
1,0,1,0,,20,,5,5,1,340,4,4.6402183,-74.076355,4200000,0,4200000
1,0,0,1,,10,20,3,2,0,0,4,4.6806636,-74.07873,1679329,0,1679329
1,0,0,0,,20,,5,4,0,310,4,4.621782,-74.07401,4188889,11111,4200000
0,0,0,0,1,0,5,1,1,0,26,5,6.231969,-75.60277,1125000,25000,1150000
1,0,0,0,1,20,,3,2,2,100,6,4.651505,-74.05505,2940000,680000,3620000
0,1,0,0,3,5,10,3,3,2,100,4,4.724633,-74.04509,2650000,0,2650000
1,1,0,0,4,20,,2,1,1,61,6,4.6569085,-74.05197,1264000,536000,1800000
1,0,0,0,,0,5,5,3,2,400,5,6.244418,-75.60356,5500000,0,5500000
1,1,1,1,0,5,10,2,3,1,117,6,6.2072406,-75.56195,2700000,0,2700000
0,0,0,1,1,0,5,1,1,0,46,5,6.2624803,-75.59771,150001,999999,1150000
1,0,0,1,,10,20,3,4,2,126,5,4.7020864,-74.05278,1712000,694000,2406000
0,1,0,0,,0,5,2,3,2,126,6,6.2073,-75.55503,2600000,0,2600000
1,1,0,0,6,5,10,1,1,1,38,4,4.628733,-74.06591,1250000,0,1250000
0,1,0,0,11,5,10,3,5,3,177,6,4.6542816,-74.0496,9800000,1200000,11000000
1,0,0,1,,10,20,5,5,4,0,6,4.7086587,-74.02596,16000000,0,16000000
0,0,0,0,,10,20,3,3,1,0,6,4.700074,-74.050316,7000000,0,7000000
0,0,0,0,,10,20,4,4,2,253,6,4.682805,-74.05577,2512000,1544000,4056000
1,1,0,0,,0,5,3,2,1,0,3,4.6689367,-74.05501,1100000,250000,1350000
1,0,0,1,6,10,20,3,5,3,272,6,4.6909084,-74.0275,10180000,2220000,12400000
0,0,0,0,,10,20,2,2,1,0,6,4.694264,-74.048996,1800000,0,1800000
0,1,0,1,2,10,20,3,3,2,197,6,4.7162557,-74.08221,5700000,850000,6550000
0,0,0,0,,0,5,3,3,1,130,5,4.61675,-74.1343,4200000,0,4200000
0,1,0,0,,0,5,2,2,2,60,6,6.2167,-75.5566,2300000,0,2300000
1,1,1,1,5,20,,3,4,2,180,6,4.66652,-74.04658,8000000,1000000,9000000
1,0,0,0,7,20,,3,3,2,160,6,4.65156,-74.05126,4500000,0,4500000
1,0,0,0,,20,,5,5,0,390,5,6.260938,-75.59701,7600000,0,7600000
1,1,0,1,3,5,10,3,3,2,125,6,4.6890674,-74.05182,2620000,680000,3300000
0,1,0,0,4,5,10,2,3,4,0,6,4.6770935,-74.03994,10500000,0,10500000
0,1,0,0,,0,5,3,3,2,93,6,6.21588,-75.56765,2800000,0,2800000
0,0,0,0,4,5,10,2,2,1,55,4,4.650977,-74.11087,1094000,203000,1297000
1,1,0,1,5,10,20,1,2,1,60,6,4.692491,-74.042305,2500000,0,2500000
0,0,0,0,,,,1,2,1,64,6,6.2167,-75.5566,4000000,0,4000000
0,0,0,1,9,10,20,3,3,2,125,5,4.7140193,-74.030266,2300000,600000,2900000
1,0,0,1,2,10,20,3,2,1,0,5,4.717667,-74.05158,1327000,636500,1963500
1,1,0,0,2,20,,2,2,1,80,6,4.6951656,-74.037704,2000000,0,2000000
1,1,0,1,5,5,10,3,3,2,110,6,4.676391,-74.05572,4400000,50000,4450000
1,1,0,1,3,0,5,1,2,1,60,6,4.707539,-74.044815,1727158,386421,2113579
1,1,0,1,7,0,5,1,2,2,60,6,4.6790967,-74.04642,3200000,400000,3600000
0,0,0,0,0,10,20,3,2,1,61,3,4.747681,-74.08841,950000,0,950000
1,1,0,0,6,10,20,3,3,1,80,4,4.641834,-74.0865,1259500,270100,1529600
1,0,0,1,,5,10,3,4,3,0,5,4.676542,-74.04357,9700000,0,9700000
1,1,0,0,17,5,10,2,2,2,0,5,6.2285666,-75.54245,2800000,0,2800000
1,1,0,0,2,10,20,2,2,1,72,5,4.696345,-74.06064,2400000,0,2400000
0,1,0,0,,0,5,2,2,1,78,6,6.21791,-75.55537,2900000,0,2900000
1,0,0,0,2,5,10,1,1,0,55,5,6.246808,-75.60522,1400000,0,1400000
0,1,0,0,,0,5,3,2,1,116,4,6.26727,-75.59459,2500000,0,2500000
1,1,0,0,3,10,20,4,5,3,0,6,4.655867,-74.050156,4300000,1700000,6000000
1,0,0,0,,10,20,3,2,0,0,3,4.6617947,-74.075424,1300000,0,1300000
0,1,0,1,10,20,,3,4,3,370,6,4.674429,-74.0453,17000000,3000000,20000000
0,0,0,0,,,,4,5,4,480,5,4.76577,-74.06015,9050000,950000,10000000
0,0,0,0,,10,20,5,5,1,430,3,4.75145,-74.07367,2000000,0,2000000
0,0,0,0,11,0,5,3,2,1,136,4,4.662757,-74.13432,1500000,0,1500000
1,0,0,0,2,0,5,1,1,0,40,3,6.2504687,-75.5959,1000000,0,1000000
0,1,0,0,5,5,10,1,2,1,60,6,4.6791444,-74.054,1800000,600000,2400000
1,1,0,1,2,0,5,1,2,1,44,4,4.6443396,-74.055786,1175000,425000,1600000
0,1,0,1,1,0,5,3,2,2,110,6,6.202721,-75.57624,3500001,999999,4500000
0,0,0,0,,20,,4,3,1,116,5,4.6633463,-74.05606,2460000,370000,2830000
1,0,1,0,2,5,10,2,1,0,60,4,4.6502604,-74.07024,1140000,30000,1170000
1,1,0,0,1,10,20,5,5,3,346,6,4.6687937,-74.04485,12753000,2247000,15000000
0,0,0,0,,10,20,3,3,0,0,5,4.6709137,-74.04486,5300000,0,5300000
0,1,0,0,,10,20,1,2,1,60,6,4.67296,-74.05638,1360000,340000,1700000
0,1,0,0,0,5,10,3,2,1,117,5,4.6994762,-74.05073,2890000,10000,2900000
0,1,0,0,,5,10,1,1,1,45.3,5,4.70336,-74.05737,884847,403000,1287847
1,1,0,0,3,0,5,1,2,1,51,4,4.686768,-74.04451,1800000,0,1800000
1,1,0,1,0,10,20,2,2,1,70,5,6.189582,-75.57717,3000000,0,3000000
0,0,0,0,4,5,10,1,2,1,54,6,4.675453,-74.05626,1800000,500000,2300000
0,1,0,0,7,0,5,3,2,1,90,3,4.5967474,-74.08024,1900000,0,1900000
1,0,1,0,,0,5,2,1,0,45,3,4.5964065,-74.16109,657000,100000,757000
1,1,0,1,2,0,5,2,2,2,70,6,4.694284,-74.03737,2100000,450000,2550000
0,0,0,0,,0,5,3,2,1,78,4,6.29882,-75.5449,1300000,0,1300000
0,0,0,0,8,5,10,3,2,1,76,6,6.206124,-75.573975,2500000,0,2500000
1,1,0,1,4,20,,3,4,2,321,6,6.204222,-75.55976,8000000,0,8000000
1,0,0,0,2,20,,3,1,0,58,3,4.712576,-74.10436,838889,11111,850000
1,1,0,1,6,0,5,4,4,3,0,5,4.689901,-74.04439,10075000,925000,11000000
1,1,0,0,4,10,20,3,5,3,168,6,4.6769547,-74.05699,4132000,868000,5000000
0,1,0,0,5,5,10,1,2,1,57,6,4.699369,-74.04558,1800000,300000,2100000
1,0,0,0,,0,5,3,4,1,150,4,4.6204767,-74.06781,1900000,450000,2350000
1,0,0,0,3,0,5,3,2,0,80,4,6.222732,-75.58343,1400000,0,1400000
0,0,0,1,1,0,5,1,0,0,30,3,6.250575,-75.6102,1,999999,1000000
0,1,0,0,,0,5,2,2,1,75,6,6.21472,-75.55484,3100000,0,3100000
0,1,0,0,,5,10,3,3,1,80,4,4.74334,-74.06111,1500000,0,1500000
1,1,0,0,2,,,2,2,1,80,5,4.700582,-74.04338,2234000,286000,2520000
1,1,0,0,4,10,20,1,1,0,39,4,4.6329727,-74.08917,825000,192000,1017000
1,1,0,0,6,0,5,3,2,1,68,4,4.731851,-74.05,1550000,0,1550000
0,0,0,0,0,0,5,1,2,1,33,3,4.6195517,-74.067856,2200000,0,2200000
0,0,0,0,,0,5,2,2,0,79,4,6.23583,-75.58564,1650000,0,1650000
1,1,1,1,15,5,10,3,2,1,62,3,4.7504263,-74.10075,980000,170000,1150000
1,1,0,1,6,0,5,3,3,2,97,1,4.714086,-74.08629,2152000,348000,2500000
1,1,0,0,1,10,20,3,2,1,0,3,4.6920657,-74.093414,1282000,218000,1500000
1,0,0,0,3,,,2,1,0,68,3,4.5991707,-74.067505,1095000,155000,1250000
1,0,1,1,1,20,,3,3,1,106,4,4.721691,-74.03922,1330000,70000,1400000
1,0,0,0,2,20,,2,2,2,67,5,4.7332883,-74.0632,1100000,250000,1350000
0,0,0,0,,10,20,4,5,2,333,6,4.6885653,-74.03373,8500000,0,8500000
0,0,0,1,1,0,5,4,4,2,345,5,6.2438393,-75.60644,7500001,999999,8500000
1,1,1,0,8,10,20,3,2,2,120,6,4.7077923,-74.03494,1980000,670000,2650000
0,0,0,0,,0,5,2,1,0,80,3,6.24764,-75.56582,700000,0,700000
1,0,0,0,2,,,1,1,0,30,3,4.600798,-74.09023,800000,0,800000
1,0,0,1,1,10,20,2,1,1,46,4,4.6143665,-74.06313,1180000,10000,1190000
1,1,1,1,2,20,,2,2,1,75,4,4.6689425,-74.114,1315000,235000,1550000
0,1,0,1,6,10,20,3,5,3,206,5,4.7099447,-74.02808,7500000,0,7500000
0,0,0,0,0,10,20,3,2,1,73,4,4.7495937,-74.08746,1300000,0,1300000
0,0,0,0,1,20,,1,1,0,30,4,6.2477264,-75.60598,700000,0,700000
1,1,0,0,5,5,10,2,3,2,120,6,4.6750526,-74.05649,5610000,890000,6500000
1,0,0,0,,10,20,2,3,0,190,6,4.693763,-74.04795,4900000,0,4900000
1,1,1,0,,0,5,3,2,1,71,5,6.215615,-75.59967,1500000,0,1500000
0,1,0,0,,20,,2,2,1,93,6,4.67905,-74.04547,1559000,441000,2000000
0,0,0,0,0,10,20,3,2,0,43,2,4.645736,-74.155624,850000,0,850000
0,0,0,0,,10,20,1,1,1,40,6,4.65485,-74.0494,1850000,0,1850000
1,1,0,0,5,10,20,2,3,2,90,6,4.685914,-74.05593,1610000,590000,2200000
1,1,0,0,5,,,1,1,0,25,4,4.628177,-74.06696,582000,154000,736000
0,0,0,1,1,0,5,2,2,0,55,4,6.2472253,-75.56009,400001,999999,1400000
1,1,0,0,8,5,10,3,3,1,107,4,4.7444944,-74.06759,1390000,310000,1700000
1,1,0,1,3,10,20,2,3,1,91,6,4.696377,-74.047585,1822000,589000,2411000
1,0,0,0,2,20,,2,2,1,70,3,4.697204,-74.114746,900000,0,900000
1,0,0,0,4,0,5,1,1,0,50,5,6.246387,-75.58309,1200000,0,1200000
1,0,0,1,,10,20,1,2,1,0,6,4.6970057,-74.039215,2500000,0,2500000
1,1,0,0,9,10,20,3,3,2,170,5,4.7079344,-74.045265,4788889,11111,4800000
1,1,0,1,7,5,10,1,2,1,50,4,4.619578,-74.07136,1015000,335000,1350000
0,0,0,0,3,0,5,1,1,0,25,3,6.1818223,-75.5632,1100000,0,1100000
1,1,0,1,7,20,,3,3,1,115,4,4.7298627,-74.04805,2388889,11111,2400000
1,0,0,0,9,0,5,1,1,1,38,4,4.7275534,-74.0308,1200000,0,1200000
1,0,0,0,3,20,,2,1,1,52,3,4.7529364,-74.04341,904800,147600,1052400
1,0,0,0,,10,20,5,5,4,296,4,4.678864,-74.060585,11500000,0,11500000
0,0,0,1,1,0,5,4,1,0,190,5,6.2381177,-75.596466,1500001,999999,2500000
1,0,0,1,2,5,10,1,1,1,39,6,4.6988454,-74.04436,1424000,238000,1662000
1,0,0,0,,10,20,1,1,1,0,4,4.643969,-74.05666,1600000,0,1600000
1,1,0,1,0,10,20,3,3,2,190,6,6.193437,-75.56814,4200000,0,4200000
1,0,0,0,6,10,20,3,1,0,50,4,4.74176,-74.061485,668000,132000,800000
0,0,0,0,1,0,5,2,1,0,47,0,4.6506033,-74.13596,850000,0,850000
1,0,0,0,,10,20,5,5,4,296,4,4.6804514,-74.063286,11500000,0,11500000
0,0,0,0,5,20,,2,3,1,79,5,,,2000000,610000,2610000
1,1,0,0,6,5,10,1,2,1,0,6,4.6964417,-74.043335,1940000,330000,2270000
1,0,0,0,,10,20,3,4,3,0,5,4.7102695,-74.05089,4297000,703000,5000000
0,1,0,1,10,10,20,3,5,3,300,6,6.202003,-75.55981,6300000,0,6300000
1,1,1,1,4,10,20,2,3,2,107,6,4.679624,-74.04309,3000000,600000,3600000
0,1,0,0,5,5,10,2,3,3,0,6,4.6684437,-74.04479,4170000,830000,5000000
1,1,0,0,4,10,20,3,3,2,0,6,6.1835117,-75.56008,6000000,0,6000000
0,1,0,0,4,20,,2,2,1,80,5,4.6867857,-74.04431,1800000,0,1800000
1,0,0,1,1,0,5,3,2,0,58,4,4.6584306,-74.11902,930000,170000,1100000
0,1,0,0,2,5,10,3,4,2,144,6,4.6517544,-74.05026,5300000,1000000,6300000
1,0,1,0,,0,5,3,2,1,70,4,4.6851573,-74.104355,1650000,100000,1750000
1,1,0,0,1,0,5,2,2,0,55,5,6.237893,-75.59139,1200000,0,1200000
1,0,0,1,,10,20,4,3,2,92,4,4.7452354,-74.03333,2050000,250000,2300000
1,0,0,0,5,0,5,1,1,1,42,4,4.6419563,-74.0575,2300000,0,2300000
1,1,0,0,14,5,10,3,4,2,0,5,4.7171426,-74.07348,2333800,616200,2950000
1,0,0,0,3,10,20,3,2,1,70,4,4.723313,-74.03142,1300000,100000,1400000
1,0,0,0,,10,20,5,5,3,600,4,4.6742015,-74.11037,9500000,0,9500000
0,1,0,0,,10,20,3,2,1,75,5,6.21898,-75.60754,1650000,0,1650000
1,1,0,1,33,0,5,1,2,1,45,4,4.617655,-74.070015,1345000,355000,1700000
1,1,0,1,16,0,5,1,3,2,0,6,6.1954627,-75.557686,4047214,652786,4700000
1,1,1,1,2,0,5,1,2,1,60,6,4.693993,-74.051384,2764000,236000,3000000
1,1,1,1,6,5,10,3,3,2,174.9,6,4.6510487,-74.05303,9360000,820000,10180000
